"E:/Projects/votv-mod-IWant2UseToiletAgain/VotV/Content/umg/UI/umg_serverMinigame.uasset" 0
"E:/Projects/votv-mod-IWant2UseToiletAgain/VotV/Content/umg/UI/umg_serverMinigame.uexp" 1
"E:/Projects/votv-mod-IWant2UseToiletAgain/VotV/Content/main/structs/struct_mVector.uasset" 2
"E:/Projects/votv-mod-IWant2UseToiletAgain/VotV/Content/main/structs/struct_mVector.uexp" 3
"E:/Projects/votv-mod-IWant2UseToiletAgain/VotV/Content/main/structs/struct_mString.uasset" 4
"E:/Projects/votv-mod-IWant2UseToiletAgain/VotV/Content/main/structs/struct_mString.uexp" 5
"E:/Projects/votv-mod-IWant2UseToiletAgain/VotV/Content/main/structs/struct_mInt.uasset" 6
"E:/Projects/votv-mod-IWant2UseToiletAgain/VotV/Content/main/structs/struct_mInt.uexp" 7
"E:/Projects/votv-mod-IWant2UseToiletAgain/VotV/Content/main/structs/struct_mFloat.uasset" 8
"E:/Projects/votv-mod-IWant2UseToiletAgain/VotV/Content/main/structs/struct_mFloat.uexp" 9
"E:/Projects/votv-mod-IWant2UseToiletAgain/VotV/Content/main/structs/struct_mClass.uasset" 10
"E:/Projects/votv-mod-IWant2UseToiletAgain/VotV/Content/main/structs/struct_mClass.uexp" 11
"E:/Projects/votv-mod-IWant2UseToiletAgain/VotV/Content/main/structs/struct_mBool.uasset" 12
"E:/Projects/votv-mod-IWant2UseToiletAgain/VotV/Content/main/structs/struct_mBool.uexp" 13
"E:/Projects/votv-mod-IWant2UseToiletAgain/VotV/Content/main/enums/enum_quality.uasset" 14
"E:/Projects/votv-mod-IWant2UseToiletAgain/VotV/Content/main/enums/enum_quality.uexp" 15
"E:/Projects/votv-mod-IWant2UseToiletAgain/VotV/Content/main/enums/enum_freq.uasset" 16
"E:/Projects/votv-mod-IWant2UseToiletAgain/VotV/Content/main/enums/enum_freq.uexp" 17
"E:/Projects/votv-mod-IWant2UseToiletAgain/VotV/Content/main/structs/struct_byteimage.uasset" 18
"E:/Projects/votv-mod-IWant2UseToiletAgain/VotV/Content/main/structs/struct_byteimage.uexp" 19
"E:/Projects/votv-mod-IWant2UseToiletAgain/VotV/Content/main/enums/enum_objectType.uasset" 20
"E:/Projects/votv-mod-IWant2UseToiletAgain/VotV/Content/main/enums/enum_objectType.uexp" 21
"E:/Projects/votv-mod-IWant2UseToiletAgain/VotV/Content/main/structs/struct_signalDataDynamic.uasset" 22
"E:/Projects/votv-mod-IWant2UseToiletAgain/VotV/Content/main/structs/struct_signalDataDynamic.uexp" 23
"E:/Projects/votv-mod-IWant2UseToiletAgain/VotV/Content/main/structs/struct_save.uasset" 24
"E:/Projects/votv-mod-IWant2UseToiletAgain/VotV/Content/main/structs/struct_save.uexp" 25
"E:/Projects/votv-mod-IWant2UseToiletAgain/VotV/Content/main/interfaces/int_save1.uasset" 26
"E:/Projects/votv-mod-IWant2UseToiletAgain/VotV/Content/main/interfaces/int_save1.uexp" 27
"E:/Projects/votv-mod-IWant2UseToiletAgain/VotV/Content/objects/prop_toolbox.uasset" 28
"E:/Projects/votv-mod-IWant2UseToiletAgain/VotV/Content/objects/prop_toolbox.uexp" 29
"E:/Projects/votv-mod-IWant2UseToiletAgain/VotV/Content/objects/prop_gascan.uasset" 30
"E:/Projects/votv-mod-IWant2UseToiletAgain/VotV/Content/objects/prop_gascan.uexp" 31
"E:/Projects/votv-mod-IWant2UseToiletAgain/VotV/Content/main/enums/enum_interactionActions.uasset" 32
"E:/Projects/votv-mod-IWant2UseToiletAgain/VotV/Content/main/enums/enum_interactionActions.uexp" 33
"E:/Projects/votv-mod-IWant2UseToiletAgain/VotV/Content/objects/hook.uasset" 34
"E:/Projects/votv-mod-IWant2UseToiletAgain/VotV/Content/objects/hook.uexp" 35
"E:/Projects/votv-mod-IWant2UseToiletAgain/VotV/Content/objects/waterVolume.uasset" 36
"E:/Projects/votv-mod-IWant2UseToiletAgain/VotV/Content/objects/waterVolume.uexp" 37
"E:/Projects/votv-mod-IWant2UseToiletAgain/VotV/Content/main/interfaces/int_objects.uasset" 38
"E:/Projects/votv-mod-IWant2UseToiletAgain/VotV/Content/main/interfaces/int_objects.uexp" 39
"E:/Projects/votv-mod-IWant2UseToiletAgain/VotV/Content/umg/umg_texturePicker.uasset" 40
"E:/Projects/votv-mod-IWant2UseToiletAgain/VotV/Content/umg/umg_texturePicker.uexp" 41
"E:/Projects/votv-mod-IWant2UseToiletAgain/VotV/Content/objects/dreamBase.uasset" 42
"E:/Projects/votv-mod-IWant2UseToiletAgain/VotV/Content/objects/dreamBase.uexp" 43
"E:/Projects/votv-mod-IWant2UseToiletAgain/VotV/Content/main/structs/struct_keybind.uasset" 44
"E:/Projects/votv-mod-IWant2UseToiletAgain/VotV/Content/main/structs/struct_keybind.uexp" 45
"E:/Projects/votv-mod-IWant2UseToiletAgain/VotV/Content/main/structs/struct_email.uasset" 46
"E:/Projects/votv-mod-IWant2UseToiletAgain/VotV/Content/main/structs/struct_email.uexp" 47
"E:/Projects/votv-mod-IWant2UseToiletAgain/VotV/Content/main/structs/struct_customMesh.uasset" 48
"E:/Projects/votv-mod-IWant2UseToiletAgain/VotV/Content/main/structs/struct_customMesh.uexp" 49
"E:/Projects/votv-mod-IWant2UseToiletAgain/VotV/Content/main/enums/enum_difficulty.uasset" 50
"E:/Projects/votv-mod-IWant2UseToiletAgain/VotV/Content/main/enums/enum_difficulty.uexp" 51
"E:/Projects/votv-mod-IWant2UseToiletAgain/VotV/Content/objects/waterFloatMaster.uasset" 52
"E:/Projects/votv-mod-IWant2UseToiletAgain/VotV/Content/objects/waterFloatMaster.uexp" 53
"E:/Projects/votv-mod-IWant2UseToiletAgain/VotV/Content/objects/triggers/triggerBase.uasset" 54
"E:/Projects/votv-mod-IWant2UseToiletAgain/VotV/Content/objects/triggers/triggerBase.uexp" 55
"E:/Projects/votv-mod-IWant2UseToiletAgain/VotV/Content/objects/triggers/trigger_eventer.uasset" 56
"E:/Projects/votv-mod-IWant2UseToiletAgain/VotV/Content/objects/triggers/trigger_eventer.uexp" 57
"E:/Projects/votv-mod-IWant2UseToiletAgain/VotV/Content/objects/triggers/ambienceMastter.uasset" 58
"E:/Projects/votv-mod-IWant2UseToiletAgain/VotV/Content/objects/triggers/ambienceMastter.uexp" 59
"E:/Projects/votv-mod-IWant2UseToiletAgain/VotV/Content/objects/theEvil.uasset" 60
"E:/Projects/votv-mod-IWant2UseToiletAgain/VotV/Content/objects/theEvil.uexp" 61
"E:/Projects/votv-mod-IWant2UseToiletAgain/VotV/Content/objects/telescope.uasset" 62
"E:/Projects/votv-mod-IWant2UseToiletAgain/VotV/Content/objects/telescope.uexp" 63
"E:/Projects/votv-mod-IWant2UseToiletAgain/VotV/Content/objects/svtarget.uasset" 64
"E:/Projects/votv-mod-IWant2UseToiletAgain/VotV/Content/objects/svtarget.uexp" 65
"E:/Projects/votv-mod-IWant2UseToiletAgain/VotV/Content/objects/spaceRenderer.uasset" 66
"E:/Projects/votv-mod-IWant2UseToiletAgain/VotV/Content/objects/spaceRenderer.uexp" 67
"E:/Projects/votv-mod-IWant2UseToiletAgain/VotV/Content/objects/signalCam.uasset" 68
"E:/Projects/votv-mod-IWant2UseToiletAgain/VotV/Content/objects/signalCam.uexp" 69
"E:/Projects/votv-mod-IWant2UseToiletAgain/VotV/Content/objects/riverFlow.uasset" 70
"E:/Projects/votv-mod-IWant2UseToiletAgain/VotV/Content/objects/riverFlow.uexp" 71
"E:/Projects/votv-mod-IWant2UseToiletAgain/VotV/Content/objects/redSkyEvent.uasset" 72
"E:/Projects/votv-mod-IWant2UseToiletAgain/VotV/Content/objects/redSkyEvent.uexp" 73
"E:/Projects/votv-mod-IWant2UseToiletAgain/VotV/Content/objects/reactor.uasset" 74
"E:/Projects/votv-mod-IWant2UseToiletAgain/VotV/Content/objects/reactor.uexp" 75
"E:/Projects/votv-mod-IWant2UseToiletAgain/VotV/Content/objects/propProcessor.uasset" 76
"E:/Projects/votv-mod-IWant2UseToiletAgain/VotV/Content/objects/propProcessor.uexp" 77
"E:/Projects/votv-mod-IWant2UseToiletAgain/VotV/Content/objects/prop_rdrone.uasset" 78
"E:/Projects/votv-mod-IWant2UseToiletAgain/VotV/Content/objects/prop_rdrone.uexp" 79
"E:/Projects/votv-mod-IWant2UseToiletAgain/VotV/Content/objects/prop_photo.uasset" 80
"E:/Projects/votv-mod-IWant2UseToiletAgain/VotV/Content/objects/prop_photo.uexp" 81
"E:/Projects/votv-mod-IWant2UseToiletAgain/VotV/Content/objects/prop_food_shrimp.uasset" 82
"E:/Projects/votv-mod-IWant2UseToiletAgain/VotV/Content/objects/prop_food_shrimp.uexp" 83
"E:/Projects/votv-mod-IWant2UseToiletAgain/VotV/Content/objects/prop_driveRack.uasset" 84
"E:/Projects/votv-mod-IWant2UseToiletAgain/VotV/Content/objects/prop_driveRack.uexp" 85
"E:/Projects/votv-mod-IWant2UseToiletAgain/VotV/Content/objects/prop_drive.uasset" 86
"E:/Projects/votv-mod-IWant2UseToiletAgain/VotV/Content/objects/prop_drive.uexp" 87
"E:/Projects/votv-mod-IWant2UseToiletAgain/VotV/Content/main/structs/struct_lootWeighted.uasset" 88
"E:/Projects/votv-mod-IWant2UseToiletAgain/VotV/Content/main/structs/struct_lootWeighted.uexp" 89
"E:/Projects/votv-mod-IWant2UseToiletAgain/VotV/Content/objects/propInventory.uasset" 90
"E:/Projects/votv-mod-IWant2UseToiletAgain/VotV/Content/objects/propInventory.uexp" 91
"E:/Projects/votv-mod-IWant2UseToiletAgain/VotV/Content/objects/prop_container.uasset" 92
"E:/Projects/votv-mod-IWant2UseToiletAgain/VotV/Content/objects/prop_container.uexp" 93
"E:/Projects/votv-mod-IWant2UseToiletAgain/VotV/Content/objects/prop_container_player.uasset" 94
"E:/Projects/votv-mod-IWant2UseToiletAgain/VotV/Content/objects/prop_container_player.uexp" 95
"E:/Projects/votv-mod-IWant2UseToiletAgain/VotV/Content/objects/prop_camera_bad.uasset" 96
"E:/Projects/votv-mod-IWant2UseToiletAgain/VotV/Content/objects/prop_camera_bad.uexp" 97
"E:/Projects/votv-mod-IWant2UseToiletAgain/VotV/Content/objects/prop_box.uasset" 98
"E:/Projects/votv-mod-IWant2UseToiletAgain/VotV/Content/objects/prop_box.uexp" 99
"E:/Projects/votv-mod-IWant2UseToiletAgain/VotV/Content/objects/prop_beacon.uasset" 100
"E:/Projects/votv-mod-IWant2UseToiletAgain/VotV/Content/objects/prop_beacon.uexp" 101
"E:/Projects/votv-mod-IWant2UseToiletAgain/VotV/Content/objects/printedObject.uasset" 102
"E:/Projects/votv-mod-IWant2UseToiletAgain/VotV/Content/objects/printedObject.uexp" 103
"E:/Projects/votv-mod-IWant2UseToiletAgain/VotV/Content/objects/powerControl.uasset" 104
"E:/Projects/votv-mod-IWant2UseToiletAgain/VotV/Content/objects/powerControl.uexp" 105
"E:/Projects/votv-mod-IWant2UseToiletAgain/VotV/Content/objects/panelBase.uasset" 106
"E:/Projects/votv-mod-IWant2UseToiletAgain/VotV/Content/objects/panelBase.uexp" 107
"E:/Projects/votv-mod-IWant2UseToiletAgain/VotV/Content/objects/serverBox.uasset" 108
"E:/Projects/votv-mod-IWant2UseToiletAgain/VotV/Content/objects/serverBox.uexp" 109
"E:/Projects/votv-mod-IWant2UseToiletAgain/VotV/Content/objects/dish.uasset" 110
"E:/Projects/votv-mod-IWant2UseToiletAgain/VotV/Content/objects/dish.uexp" 111
"E:/Projects/votv-mod-IWant2UseToiletAgain/VotV/Content/umg/umg_console.uasset" 112
"E:/Projects/votv-mod-IWant2UseToiletAgain/VotV/Content/umg/umg_console.uexp" 113
"E:/Projects/votv-mod-IWant2UseToiletAgain/VotV/Content/objects/panel_SATconsole.uasset" 114
"E:/Projects/votv-mod-IWant2UseToiletAgain/VotV/Content/objects/panel_SATconsole.uexp" 115
"E:/Projects/votv-mod-IWant2UseToiletAgain/VotV/Content/objects/orderPlace.uasset" 116
"E:/Projects/votv-mod-IWant2UseToiletAgain/VotV/Content/objects/orderPlace.uexp" 117
"E:/Projects/votv-mod-IWant2UseToiletAgain/VotV/Content/objects/objectRenderer.uasset" 118
"E:/Projects/votv-mod-IWant2UseToiletAgain/VotV/Content/objects/objectRenderer.uexp" 119
"E:/Projects/votv-mod-IWant2UseToiletAgain/VotV/Content/objects/misc/gearer.uasset" 120
"E:/Projects/votv-mod-IWant2UseToiletAgain/VotV/Content/objects/misc/gearer.uexp" 121
"E:/Projects/votv-mod-IWant2UseToiletAgain/VotV/Content/objects/misc/daynightCycle.uasset" 122
"E:/Projects/votv-mod-IWant2UseToiletAgain/VotV/Content/objects/misc/daynightCycle.uexp" 123
"E:/Projects/votv-mod-IWant2UseToiletAgain/VotV/Content/objects/killerwisp.uasset" 124
"E:/Projects/votv-mod-IWant2UseToiletAgain/VotV/Content/objects/killerwisp.uexp" 125
"E:/Projects/votv-mod-IWant2UseToiletAgain/VotV/Content/objects/jellyfishPath.uasset" 126
"E:/Projects/votv-mod-IWant2UseToiletAgain/VotV/Content/objects/jellyfishPath.uexp" 127
"E:/Projects/votv-mod-IWant2UseToiletAgain/VotV/Content/objects/insomniac.uasset" 128
"E:/Projects/votv-mod-IWant2UseToiletAgain/VotV/Content/objects/insomniac.uexp" 129
"E:/Projects/votv-mod-IWant2UseToiletAgain/VotV/Content/objects/halloweenMaster.uasset" 130
"E:/Projects/votv-mod-IWant2UseToiletAgain/VotV/Content/objects/halloweenMaster.uexp" 131
"E:/Projects/votv-mod-IWant2UseToiletAgain/VotV/Content/objects/generatorFuckuper.uasset" 132
"E:/Projects/votv-mod-IWant2UseToiletAgain/VotV/Content/objects/generatorFuckuper.uexp" 133
"E:/Projects/votv-mod-IWant2UseToiletAgain/VotV/Content/objects/actor_save.uasset" 134
"E:/Projects/votv-mod-IWant2UseToiletAgain/VotV/Content/objects/actor_save.uexp" 135
"E:/Projects/votv-mod-IWant2UseToiletAgain/VotV/Content/objects/generator.uasset" 136
"E:/Projects/votv-mod-IWant2UseToiletAgain/VotV/Content/objects/generator.uexp" 137
"E:/Projects/votv-mod-IWant2UseToiletAgain/VotV/Content/objects/eg.uasset" 138
"E:/Projects/votv-mod-IWant2UseToiletAgain/VotV/Content/objects/eg.uexp" 139
"E:/Projects/votv-mod-IWant2UseToiletAgain/VotV/Content/objects/drone.uasset" 140
"E:/Projects/votv-mod-IWant2UseToiletAgain/VotV/Content/objects/drone.uexp" 141
"E:/Projects/votv-mod-IWant2UseToiletAgain/VotV/Content/objects/digcamMaster.uasset" 142
"E:/Projects/votv-mod-IWant2UseToiletAgain/VotV/Content/objects/digcamMaster.uexp" 143
"E:/Projects/votv-mod-IWant2UseToiletAgain/VotV/Content/objects/d_window.uasset" 144
"E:/Projects/votv-mod-IWant2UseToiletAgain/VotV/Content/objects/d_window.uexp" 145
"E:/Projects/votv-mod-IWant2UseToiletAgain/VotV/Content/objects/cord.uasset" 146
"E:/Projects/votv-mod-IWant2UseToiletAgain/VotV/Content/objects/cord.uexp" 147
"E:/Projects/votv-mod-IWant2UseToiletAgain/VotV/Content/main/structs/struct_sound.uasset" 148
"E:/Projects/votv-mod-IWant2UseToiletAgain/VotV/Content/main/structs/struct_sound.uexp" 149
"E:/Projects/votv-mod-IWant2UseToiletAgain/VotV/Content/main/structs/struct_triggerSave.uasset" 150
"E:/Projects/votv-mod-IWant2UseToiletAgain/VotV/Content/main/structs/struct_triggerSave.uexp" 151
"E:/Projects/votv-mod-IWant2UseToiletAgain/VotV/Content/main/interfaces/int_ttrigger.uasset" 152
"E:/Projects/votv-mod-IWant2UseToiletAgain/VotV/Content/main/interfaces/int_ttrigger.uexp" 153
"E:/Projects/votv-mod-IWant2UseToiletAgain/VotV/Content/main/structs/struct_settings.uasset" 154
"E:/Projects/votv-mod-IWant2UseToiletAgain/VotV/Content/main/structs/struct_settings.uexp" 155
"E:/Projects/votv-mod-IWant2UseToiletAgain/VotV/Content/objects/cordSocket.uasset" 156
"E:/Projects/votv-mod-IWant2UseToiletAgain/VotV/Content/objects/cordSocket.uexp" 157
"E:/Projects/votv-mod-IWant2UseToiletAgain/VotV/Content/objects/cockroachMaster.uasset" 158
"E:/Projects/votv-mod-IWant2UseToiletAgain/VotV/Content/objects/cockroachMaster.uexp" 159
"E:/Projects/votv-mod-IWant2UseToiletAgain/VotV/Content/objects/cheat_place.uasset" 160
"E:/Projects/votv-mod-IWant2UseToiletAgain/VotV/Content/objects/cheat_place.uexp" 161
"E:/Projects/votv-mod-IWant2UseToiletAgain/VotV/Content/objects/car1.uasset" 162
"E:/Projects/votv-mod-IWant2UseToiletAgain/VotV/Content/objects/car1.uexp" 163
"E:/Projects/votv-mod-IWant2UseToiletAgain/VotV/Content/objects/borders.uasset" 164
"E:/Projects/votv-mod-IWant2UseToiletAgain/VotV/Content/objects/borders.uexp" 165
"E:/Projects/votv-mod-IWant2UseToiletAgain/VotV/Content/objects/blackFog.uasset" 166
"E:/Projects/votv-mod-IWant2UseToiletAgain/VotV/Content/objects/blackFog.uexp" 167
"E:/Projects/votv-mod-IWant2UseToiletAgain/VotV/Content/objects/misc/birber.uasset" 168
"E:/Projects/votv-mod-IWant2UseToiletAgain/VotV/Content/objects/misc/birber.uexp" 169
"E:/Projects/votv-mod-IWant2UseToiletAgain/VotV/Content/objects/badSun.uasset" 170
"E:/Projects/votv-mod-IWant2UseToiletAgain/VotV/Content/objects/badSun.uexp" 171
"E:/Projects/votv-mod-IWant2UseToiletAgain/VotV/Content/main/structs/struct_spaceObject.uasset" 172
"E:/Projects/votv-mod-IWant2UseToiletAgain/VotV/Content/main/structs/struct_spaceObject.uexp" 173
"E:/Projects/votv-mod-IWant2UseToiletAgain/VotV/Content/main/enums/enum_signalResponse.uasset" 174
"E:/Projects/votv-mod-IWant2UseToiletAgain/VotV/Content/main/enums/enum_signalResponse.uexp" 175
"E:/Projects/votv-mod-IWant2UseToiletAgain/VotV/Content/main/structs/struct_signal_data1.uasset" 176
"E:/Projects/votv-mod-IWant2UseToiletAgain/VotV/Content/main/structs/struct_signal_data1.uexp" 177
"E:/Projects/votv-mod-IWant2UseToiletAgain/VotV/Content/main/save_main.uasset" 178
"E:/Projects/votv-mod-IWant2UseToiletAgain/VotV/Content/main/save_main.uexp" 179
"E:/Projects/votv-mod-IWant2UseToiletAgain/VotV/Content/main/structs/struct_upgrades.uasset" 180
"E:/Projects/votv-mod-IWant2UseToiletAgain/VotV/Content/main/structs/struct_upgrades.uexp" 181
"E:/Projects/votv-mod-IWant2UseToiletAgain/VotV/Content/main/enums/enum_shopCats.uasset" 182
"E:/Projects/votv-mod-IWant2UseToiletAgain/VotV/Content/main/enums/enum_shopCats.uexp" 183
"E:/Projects/votv-mod-IWant2UseToiletAgain/VotV/Content/main/structs/struct_store.uasset" 184
"E:/Projects/votv-mod-IWant2UseToiletAgain/VotV/Content/main/structs/struct_store.uexp" 185
"E:/Projects/votv-mod-IWant2UseToiletAgain/VotV/Content/main/structs/struct_storeOrder1.uasset" 186
"E:/Projects/votv-mod-IWant2UseToiletAgain/VotV/Content/main/structs/struct_storeOrder1.uexp" 187
"E:/Projects/votv-mod-IWant2UseToiletAgain/VotV/Content/main/structs/struct_signal_spawn.uasset" 188
"E:/Projects/votv-mod-IWant2UseToiletAgain/VotV/Content/main/structs/struct_signal_spawn.uexp" 189
"E:/Projects/votv-mod-IWant2UseToiletAgain/VotV/Content/main/structs/struct_task.uasset" 190
"E:/Projects/votv-mod-IWant2UseToiletAgain/VotV/Content/main/structs/struct_task.uexp" 191
"E:/Projects/votv-mod-IWant2UseToiletAgain/VotV/Content/main/structs/struct_mObject.uasset" 192
"E:/Projects/votv-mod-IWant2UseToiletAgain/VotV/Content/main/structs/struct_mObject.uexp" 193
"E:/Projects/votv-mod-IWant2UseToiletAgain/VotV/Content/main/structs/struct_propDynamic.uasset" 194
"E:/Projects/votv-mod-IWant2UseToiletAgain/VotV/Content/main/structs/struct_propDynamic.uexp" 195
"E:/Projects/votv-mod-IWant2UseToiletAgain/VotV/Content/main/structs/struct_equipment.uasset" 196
"E:/Projects/votv-mod-IWant2UseToiletAgain/VotV/Content/main/structs/struct_equipment.uexp" 197
"E:/Projects/votv-mod-IWant2UseToiletAgain/VotV/Content/objects/prop_batts.uasset" 198
"E:/Projects/votv-mod-IWant2UseToiletAgain/VotV/Content/objects/prop_batts.uexp" 199
"E:/Projects/votv-mod-IWant2UseToiletAgain/VotV/Content/main/structs/struct_achievement.uasset" 200
"E:/Projects/votv-mod-IWant2UseToiletAgain/VotV/Content/main/structs/struct_achievement.uexp" 201
"E:/Projects/votv-mod-IWant2UseToiletAgain/VotV/Content/main/structs/struct_loan.uasset" 202
"E:/Projects/votv-mod-IWant2UseToiletAgain/VotV/Content/main/structs/struct_loan.uexp" 203
"E:/Projects/votv-mod-IWant2UseToiletAgain/VotV/Content/main/saveSlot.uasset" 204
"E:/Projects/votv-mod-IWant2UseToiletAgain/VotV/Content/main/saveSlot.uexp" 205
"E:/Projects/votv-mod-IWant2UseToiletAgain/VotV/Content/main/enums/enum_gamemode.uasset" 206
"E:/Projects/votv-mod-IWant2UseToiletAgain/VotV/Content/main/enums/enum_gamemode.uexp" 207
"E:/Projects/votv-mod-IWant2UseToiletAgain/VotV/Content/main/GameInst.uasset" 208
"E:/Projects/votv-mod-IWant2UseToiletAgain/VotV/Content/main/GameInst.uexp" 209
"E:/Projects/votv-mod-IWant2UseToiletAgain/VotV/Content/main/structs/struct_tv.uasset" 210
"E:/Projects/votv-mod-IWant2UseToiletAgain/VotV/Content/main/structs/struct_tv.uexp" 211
"E:/Projects/votv-mod-IWant2UseToiletAgain/VotV/Content/main/structs/struct_weightedName.uasset" 212
"E:/Projects/votv-mod-IWant2UseToiletAgain/VotV/Content/main/structs/struct_weightedName.uexp" 213
"E:/Projects/votv-mod-IWant2UseToiletAgain/VotV/Content/umg/UI/umg_menu.uasset" 214
"E:/Projects/votv-mod-IWant2UseToiletAgain/VotV/Content/umg/UI/umg_menu.uexp" 215
"E:/Projects/votv-mod-IWant2UseToiletAgain/VotV/Content/umg/umg_clipboard.uasset" 216
"E:/Projects/votv-mod-IWant2UseToiletAgain/VotV/Content/umg/umg_clipboard.uexp" 217
"E:/Projects/votv-mod-IWant2UseToiletAgain/VotV/Content/umg/umg_coords.uasset" 218
"E:/Projects/votv-mod-IWant2UseToiletAgain/VotV/Content/umg/umg_coords.uexp" 219
"E:/Projects/votv-mod-IWant2UseToiletAgain/VotV/Content/umg/umg_deathscreen.uasset" 220
"E:/Projects/votv-mod-IWant2UseToiletAgain/VotV/Content/umg/umg_deathscreen.uexp" 221
"E:/Projects/votv-mod-IWant2UseToiletAgain/VotV/Content/umg/umg_decoder.uasset" 222
"E:/Projects/votv-mod-IWant2UseToiletAgain/VotV/Content/umg/umg_decoder.uexp" 223
"E:/Projects/votv-mod-IWant2UseToiletAgain/VotV/Content/umg/umg_hints.uasset" 224
"E:/Projects/votv-mod-IWant2UseToiletAgain/VotV/Content/umg/umg_hints.uexp" 225
"E:/Projects/votv-mod-IWant2UseToiletAgain/VotV/Content/umg/umg_laptop.uasset" 226
"E:/Projects/votv-mod-IWant2UseToiletAgain/VotV/Content/umg/umg_laptop.uexp" 227
"E:/Projects/votv-mod-IWant2UseToiletAgain/VotV/Content/umg/umg_minimap.uasset" 228
"E:/Projects/votv-mod-IWant2UseToiletAgain/VotV/Content/umg/umg_minimap.uexp" 229
"E:/Projects/votv-mod-IWant2UseToiletAgain/VotV/Content/umg/umg_onlineRadio.uasset" 230
"E:/Projects/votv-mod-IWant2UseToiletAgain/VotV/Content/umg/umg_onlineRadio.uexp" 231
"E:/Projects/votv-mod-IWant2UseToiletAgain/VotV/Content/umg/umg_paperDraw.uasset" 232
"E:/Projects/votv-mod-IWant2UseToiletAgain/VotV/Content/umg/umg_paperDraw.uexp" 233
"E:/Projects/votv-mod-IWant2UseToiletAgain/VotV/Content/umg/umg_passlock.uasset" 234
"E:/Projects/votv-mod-IWant2UseToiletAgain/VotV/Content/umg/umg_passlock.uexp" 235
"E:/Projects/votv-mod-IWant2UseToiletAgain/VotV/Content/umg/umg_printer.uasset" 236
"E:/Projects/votv-mod-IWant2UseToiletAgain/VotV/Content/umg/umg_printer.uexp" 237
"E:/Projects/votv-mod-IWant2UseToiletAgain/VotV/Content/umg/umg_propInvSlor.uasset" 238
"E:/Projects/votv-mod-IWant2UseToiletAgain/VotV/Content/umg/umg_propInvSlor.uexp" 239
"E:/Projects/votv-mod-IWant2UseToiletAgain/VotV/Content/umg/umg_propInvInvSlot.uasset" 240
"E:/Projects/votv-mod-IWant2UseToiletAgain/VotV/Content/umg/umg_propInvInvSlot.uexp" 241
"E:/Projects/votv-mod-IWant2UseToiletAgain/VotV/Content/umg/umg_equipmentSlot.uasset" 242
"E:/Projects/votv-mod-IWant2UseToiletAgain/VotV/Content/umg/umg_equipmentSlot.uexp" 243
"E:/Projects/votv-mod-IWant2UseToiletAgain/VotV/Content/umg/umg_propInv.uasset" 244
"E:/Projects/votv-mod-IWant2UseToiletAgain/VotV/Content/umg/umg_propInv.uexp" 245
"E:/Projects/votv-mod-IWant2UseToiletAgain/VotV/Content/umg/umg_radarScreen.uasset" 246
"E:/Projects/votv-mod-IWant2UseToiletAgain/VotV/Content/umg/umg_radarScreen.uexp" 247
"E:/Projects/votv-mod-IWant2UseToiletAgain/VotV/Content/umg/umg_reactor.uasset" 248
"E:/Projects/votv-mod-IWant2UseToiletAgain/VotV/Content/umg/umg_reactor.uexp" 249
"E:/Projects/votv-mod-IWant2UseToiletAgain/VotV/Content/umg/umg_signalPlay.uasset" 250
"E:/Projects/votv-mod-IWant2UseToiletAgain/VotV/Content/umg/umg_signalPlay.uexp" 251
"E:/Projects/votv-mod-IWant2UseToiletAgain/VotV/Content/umg/umg_tvOffline.uasset" 252
"E:/Projects/votv-mod-IWant2UseToiletAgain/VotV/Content/umg/umg_tvOffline.uexp" 253
"E:/Projects/votv-mod-IWant2UseToiletAgain/VotV/Content/umg/umg_UI.uasset" 254
"E:/Projects/votv-mod-IWant2UseToiletAgain/VotV/Content/umg/umg_UI.uexp" 255
"E:/Projects/votv-mod-IWant2UseToiletAgain/VotV/Content/main/mainGamemode.uasset" 256
"E:/Projects/votv-mod-IWant2UseToiletAgain/VotV/Content/main/mainGamemode.uexp" 257
"E:/Projects/votv-mod-IWant2UseToiletAgain/VotV/Content/main/interfaces/int_coms.uasset" 258
"E:/Projects/votv-mod-IWant2UseToiletAgain/VotV/Content/main/interfaces/int_coms.uexp" 259
"E:/Projects/votv-mod-IWant2UseToiletAgain/VotV/Content/objects/propThrown.uasset" 260
"E:/Projects/votv-mod-IWant2UseToiletAgain/VotV/Content/objects/propThrown.uexp" 261
"E:/Projects/votv-mod-IWant2UseToiletAgain/VotV/Content/objects/flammable.uasset" 262
"E:/Projects/votv-mod-IWant2UseToiletAgain/VotV/Content/objects/flammable.uexp" 263
"E:/Projects/votv-mod-IWant2UseToiletAgain/VotV/Content/umg/umg_hovertextNametag.uasset" 264
"E:/Projects/votv-mod-IWant2UseToiletAgain/VotV/Content/umg/umg_hovertextNametag.uexp" 265
"E:/Projects/votv-mod-IWant2UseToiletAgain/VotV/Content/objects/components/nametagComponent.uasset" 266
"E:/Projects/votv-mod-IWant2UseToiletAgain/VotV/Content/objects/components/nametagComponent.uexp" 267
"E:/Projects/votv-mod-IWant2UseToiletAgain/VotV/Content/main/structs/struct_dangerProp.uasset" 268
"E:/Projects/votv-mod-IWant2UseToiletAgain/VotV/Content/main/structs/struct_dangerProp.uexp" 269
"E:/Projects/votv-mod-IWant2UseToiletAgain/VotV/Content/main/structs/struct_physSound.uasset" 270
"E:/Projects/votv-mod-IWant2UseToiletAgain/VotV/Content/main/structs/struct_physSound.uexp" 271
"E:/Projects/votv-mod-IWant2UseToiletAgain/VotV/Content/objects/components/comp_physicsImpact.uasset" 272
"E:/Projects/votv-mod-IWant2UseToiletAgain/VotV/Content/objects/components/comp_physicsImpact.uexp" 273
"E:/Projects/votv-mod-IWant2UseToiletAgain/VotV/Content/main/enums/enum_spawnmenuCats.uasset" 274
"E:/Projects/votv-mod-IWant2UseToiletAgain/VotV/Content/main/enums/enum_spawnmenuCats.uexp" 275
"E:/Projects/votv-mod-IWant2UseToiletAgain/VotV/Content/main/structs/struct_prop.uasset" 276
"E:/Projects/votv-mod-IWant2UseToiletAgain/VotV/Content/main/structs/struct_prop.uexp" 277
"E:/Projects/votv-mod-IWant2UseToiletAgain/VotV/Content/objects/prop.uasset" 278
"E:/Projects/votv-mod-IWant2UseToiletAgain/VotV/Content/objects/prop.uexp" 279
"E:/Projects/votv-mod-IWant2UseToiletAgain/VotV/Content/main/interfaces/int_player.uasset" 280
"E:/Projects/votv-mod-IWant2UseToiletAgain/VotV/Content/main/interfaces/int_player.uexp" 281
"E:/Projects/votv-mod-IWant2UseToiletAgain/VotV/Content/main/structs/struct_food1.uasset" 282
"E:/Projects/votv-mod-IWant2UseToiletAgain/VotV/Content/main/structs/struct_food1.uexp" 283
"E:/Projects/votv-mod-IWant2UseToiletAgain/VotV/Content/objects/prop_food.uasset" 284
"E:/Projects/votv-mod-IWant2UseToiletAgain/VotV/Content/objects/prop_food.uexp" 285
"E:/Projects/votv-mod-IWant2UseToiletAgain/VotV/Content/objects/ladder.uasset" 286
"E:/Projects/votv-mod-IWant2UseToiletAgain/VotV/Content/objects/ladder.uexp" 287
"E:/Projects/votv-mod-IWant2UseToiletAgain/VotV/Content/objects/misc/radarPoint.uasset" 288
"E:/Projects/votv-mod-IWant2UseToiletAgain/VotV/Content/objects/misc/radarPoint.uexp" 289
"E:/Projects/votv-mod-IWant2UseToiletAgain/VotV/Content/objects/sitBox.uasset" 290
"E:/Projects/votv-mod-IWant2UseToiletAgain/VotV/Content/objects/sitBox.uexp" 291
"E:/Projects/votv-mod-IWant2UseToiletAgain/VotV/Content/objects/prop_gravgun.uasset" 292
"E:/Projects/votv-mod-IWant2UseToiletAgain/VotV/Content/objects/prop_gravgun.uexp" 293
"E:/Projects/votv-mod-IWant2UseToiletAgain/VotV/Content/objects/weaponComp_gravityGun.uasset" 294
"E:/Projects/votv-mod-IWant2UseToiletAgain/VotV/Content/objects/weaponComp_gravityGun.uexp" 295
"E:/Projects/votv-mod-IWant2UseToiletAgain/VotV/Content/main/structs/struct_weapon.uasset" 296
"E:/Projects/votv-mod-IWant2UseToiletAgain/VotV/Content/main/structs/struct_weapon.uexp" 297
"E:/Projects/votv-mod-IWant2UseToiletAgain/VotV/Content/objects/sitting.uasset" 298
"E:/Projects/votv-mod-IWant2UseToiletAgain/VotV/Content/objects/sitting.uexp" 299
"E:/Projects/votv-mod-IWant2UseToiletAgain/VotV/Content/main/mainPlayer.uasset" 300
"E:/Projects/votv-mod-IWant2UseToiletAgain/VotV/Content/main/mainPlayer.uexp" 301
"E:/Projects/votv-mod-IWant2UseToiletAgain/VotV/Content/main/structs/struct_object.uasset" 302
"E:/Projects/votv-mod-IWant2UseToiletAgain/VotV/Content/main/structs/struct_object.uexp" 303
"E:/Projects/votv-mod-IWant2UseToiletAgain/VotV/Content/main/enums/enum_notifyType.uasset" 304
"E:/Projects/votv-mod-IWant2UseToiletAgain/VotV/Content/main/enums/enum_notifyType.uexp" 305
"E:/Projects/votv-mod-IWant2UseToiletAgain/VotV/Content/main/enums/enum_emailChars.uasset" 306
"E:/Projects/votv-mod-IWant2UseToiletAgain/VotV/Content/main/enums/enum_emailChars.uexp" 307
"E:/Projects/votv-mod-IWant2UseToiletAgain/VotV/Content/main/enums/enum_action.uasset" 308
"E:/Projects/votv-mod-IWant2UseToiletAgain/VotV/Content/main/enums/enum_action.uexp" 309
"E:/Projects/votv-mod-IWant2UseToiletAgain/VotV/Content/objects/door.uasset" 310
"E:/Projects/votv-mod-IWant2UseToiletAgain/VotV/Content/objects/door.uexp" 311
"E:/Projects/votv-mod-IWant2UseToiletAgain/VotV/Content/main/lib.uasset" 312
"E:/Projects/votv-mod-IWant2UseToiletAgain/VotV/Content/main/lib.uexp" 313
"E:/Projects/votv-mod-IWant2UseToiletAgain/VotV/Content/materials/phys/rubber.uasset" 314
"E:/Projects/votv-mod-IWant2UseToiletAgain/VotV/Content/materials/phys/rubber.uexp" 315
"E:/Projects/votv-mod-IWant2UseToiletAgain/VotV/Content/Mods/SampleBananaCat/materials/ThirdOutlineMaterial.uasset" 316
"E:/Projects/votv-mod-IWant2UseToiletAgain/VotV/Content/Mods/SampleBananaCat/materials/ThirdOutlineMaterial.uexp" 317
"E:/Projects/votv-mod-IWant2UseToiletAgain/VotV/Content/Mods/SampleBananaCat/materials/OutlineMaterial.uasset" 318
"E:/Projects/votv-mod-IWant2UseToiletAgain/VotV/Content/Mods/SampleBananaCat/materials/OutlineMaterial.uexp" 319
"E:/Projects/votv-mod-IWant2UseToiletAgain/VotV/Content/Mods/SampleBananaCat/materials/OtherOutlineMaterial.uasset" 320
"E:/Projects/votv-mod-IWant2UseToiletAgain/VotV/Content/Mods/SampleBananaCat/materials/OtherOutlineMaterial.uexp" 321
"E:/Projects/votv-mod-IWant2UseToiletAgain/VotV/Content/Mods/SampleBananaCat/textures/legs.uasset" 322
"E:/Projects/votv-mod-IWant2UseToiletAgain/VotV/Content/Mods/SampleBananaCat/textures/legs.uexp" 323
"E:/Projects/votv-mod-IWant2UseToiletAgain/VotV/Content/Mods/SampleBananaCat/textures/legs.ubulk" 324
"E:/Projects/votv-mod-IWant2UseToiletAgain/VotV/Content/Mods/SampleBananaCat/materials/LegMaterial.uasset" 325
"E:/Projects/votv-mod-IWant2UseToiletAgain/VotV/Content/Mods/SampleBananaCat/materials/LegMaterial.uexp" 326
"E:/Projects/votv-mod-IWant2UseToiletAgain/VotV/Content/Mods/SampleBananaCat/textures/face.uasset" 327
"E:/Projects/votv-mod-IWant2UseToiletAgain/VotV/Content/Mods/SampleBananaCat/textures/face.uexp" 328
"E:/Projects/votv-mod-IWant2UseToiletAgain/VotV/Content/Mods/SampleBananaCat/textures/face.ubulk" 329
"E:/Projects/votv-mod-IWant2UseToiletAgain/VotV/Content/Mods/SampleBananaCat/materials/FaceMaterial.uasset" 330
"E:/Projects/votv-mod-IWant2UseToiletAgain/VotV/Content/Mods/SampleBananaCat/materials/FaceMaterial.uexp" 331
"E:/Projects/votv-mod-IWant2UseToiletAgain/VotV/Content/Mods/SampleBananaCat/textures/banana.uasset" 332
"E:/Projects/votv-mod-IWant2UseToiletAgain/VotV/Content/Mods/SampleBananaCat/textures/banana.uexp" 333
"E:/Projects/votv-mod-IWant2UseToiletAgain/VotV/Content/Mods/SampleBananaCat/textures/banana.ubulk" 334
"E:/Projects/votv-mod-IWant2UseToiletAgain/VotV/Content/Mods/SampleBananaCat/materials/BananaMaterial.uasset" 335
"E:/Projects/votv-mod-IWant2UseToiletAgain/VotV/Content/Mods/SampleBananaCat/materials/BananaMaterial.uexp" 336
"E:/Projects/votv-mod-IWant2UseToiletAgain/VotV/Content/Mods/SampleBananaCat/textures/arm.uasset" 337
"E:/Projects/votv-mod-IWant2UseToiletAgain/VotV/Content/Mods/SampleBananaCat/textures/arm.uexp" 338
"E:/Projects/votv-mod-IWant2UseToiletAgain/VotV/Content/Mods/SampleBananaCat/textures/arm.ubulk" 339
"E:/Projects/votv-mod-IWant2UseToiletAgain/VotV/Content/Mods/SampleBananaCat/materials/ArmMaterial.uasset" 340
"E:/Projects/votv-mod-IWant2UseToiletAgain/VotV/Content/Mods/SampleBananaCat/materials/ArmMaterial.uexp" 341
"E:/Projects/votv-mod-IWant2UseToiletAgain/VotV/Content/Mods/SampleBananaCat/models/catbanana.uasset" 342
"E:/Projects/votv-mod-IWant2UseToiletAgain/VotV/Content/Mods/SampleBananaCat/models/catbanana.uexp" 343
"E:/Projects/votv-mod-IWant2UseToiletAgain/VotV/Content/objects/components/physicsImpactComponent.uasset" 344
"E:/Projects/votv-mod-IWant2UseToiletAgain/VotV/Content/objects/components/physicsImpactComponent.uexp" 345
"E:/Projects/votv-mod-IWant2UseToiletAgain/VotV/Content/Mods/VoidMod2/Assets/Interfaces/VoidMod_Prop.uasset" 346
"E:/Projects/votv-mod-IWant2UseToiletAgain/VotV/Content/Mods/VoidMod2/Assets/Interfaces/VoidMod_Prop.uexp" 347
"E:/Projects/votv-mod-IWant2UseToiletAgain/VotV/Content/Mods/SampleBananaCat/prop_bananaCat.uasset" 348
"E:/Projects/votv-mod-IWant2UseToiletAgain/VotV/Content/Mods/SampleBananaCat/prop_bananaCat.uexp" 349
"E:/Projects/votv-mod-IWant2UseToiletAgain/VotV/Content/Mods/VoidMod2/Assets/Enums/BaseRoom.uasset" 350
"E:/Projects/votv-mod-IWant2UseToiletAgain/VotV/Content/Mods/VoidMod2/Assets/Enums/BaseRoom.uexp" 351
"E:/Projects/votv-mod-IWant2UseToiletAgain/VotV/Content/Mods/VoidMod2/Assets/Structs/VoidMod_CustomRoomCheck.uasset" 352
"E:/Projects/votv-mod-IWant2UseToiletAgain/VotV/Content/Mods/VoidMod2/Assets/Structs/VoidMod_CustomRoomCheck.uexp" 353
"E:/Projects/votv-mod-IWant2UseToiletAgain/VotV/Content/Mods/VoidMod2/Assets/Datatables/CustomRoomList.uasset" 354
"E:/Projects/votv-mod-IWant2UseToiletAgain/VotV/Content/Mods/VoidMod2/Assets/Datatables/CustomRoomList.uexp" 355
"E:/Projects/votv-mod-IWant2UseToiletAgain/VotV/Content/Mods/VoidMod2/Classes/VoidModActor.uasset" 356
"E:/Projects/votv-mod-IWant2UseToiletAgain/VotV/Content/Mods/VoidMod2/Classes/VoidModActor.uexp" 357
"E:/Projects/votv-mod-IWant2UseToiletAgain/VotV/Content/Mods/VoidMod2/Assets/Structs/VoidMod_CustomActor.uasset" 358
"E:/Projects/votv-mod-IWant2UseToiletAgain/VotV/Content/Mods/VoidMod2/Assets/Structs/VoidMod_CustomActor.uexp" 359
"E:/Projects/votv-mod-IWant2UseToiletAgain/VotV/Content/Mods/VoidMod2/Assets/Structs/VoidMod_CustomEvent.uasset" 360
"E:/Projects/votv-mod-IWant2UseToiletAgain/VotV/Content/Mods/VoidMod2/Assets/Structs/VoidMod_CustomEvent.uexp" 361
"E:/Projects/votv-mod-IWant2UseToiletAgain/VotV/Content/Mods/VoidMod2/Assets/Structs/VoidMod_Mod.uasset" 362
"E:/Projects/votv-mod-IWant2UseToiletAgain/VotV/Content/Mods/VoidMod2/Assets/Structs/VoidMod_Mod.uexp" 363
"../../../Engine/Content/EditorBlueprintResources/StandardMacros.uasset" 364
"../../../Engine/Content/EditorBlueprintResources/StandardMacros.uexp" 365
"E:/Projects/votv-mod-IWant2UseToiletAgain/VotV/Content/Mods/VoidMod2/Assets/Structs/VoidMod_ConfigVariable.uasset" 366
"E:/Projects/votv-mod-IWant2UseToiletAgain/VotV/Content/Mods/VoidMod2/Assets/Structs/VoidMod_ConfigVariable.uexp" 367
"E:/Projects/votv-mod-IWant2UseToiletAgain/VotV/Content/umg/UI/umg_quicksave.uasset" 368
"E:/Projects/votv-mod-IWant2UseToiletAgain/VotV/Content/umg/UI/umg_quicksave.uexp" 369
"E:/Projects/votv-mod-IWant2UseToiletAgain/VotV/Content/Mods/VoidMod2/Assets/Images/ui_background.uasset" 370
"E:/Projects/votv-mod-IWant2UseToiletAgain/VotV/Content/Mods/VoidMod2/Assets/Images/ui_background.uexp" 371
"E:/Projects/votv-mod-IWant2UseToiletAgain/VotV/Content/Mods/VoidMod2/Assets/Fonts/ShareTechMono-Regular.uasset" 372
"E:/Projects/votv-mod-IWant2UseToiletAgain/VotV/Content/Mods/VoidMod2/Assets/Fonts/ShareTechMono-Regular.uexp" 373
"E:/Projects/votv-mod-IWant2UseToiletAgain/VotV/Content/Mods/VoidMod2/Assets/Fonts/ShareTechMono-Regular.ufont" 374
"E:/Projects/votv-mod-IWant2UseToiletAgain/VotV/Content/Mods/VoidMod2/Assets/Fonts/ShareTechMono-Regular_Font.uasset" 375
"E:/Projects/votv-mod-IWant2UseToiletAgain/VotV/Content/Mods/VoidMod2/Assets/Fonts/ShareTechMono-Regular_Font.uexp" 376
"E:/Projects/votv-mod-IWant2UseToiletAgain/VotV/Content/audio/classes/cl_ui.uasset" 377
"E:/Projects/votv-mod-IWant2UseToiletAgain/VotV/Content/audio/classes/cl_ui.uexp" 378
"E:/Projects/votv-mod-IWant2UseToiletAgain/VotV/Content/Mods/VoidMod2/Assets/Audio/buttonrollover.uasset" 379
"E:/Projects/votv-mod-IWant2UseToiletAgain/VotV/Content/Mods/VoidMod2/Assets/Audio/buttonrollover.uexp" 380
"E:/Projects/votv-mod-IWant2UseToiletAgain/VotV/Content/Mods/VoidMod2/Assets/Audio/buttonclick.uasset" 381
"E:/Projects/votv-mod-IWant2UseToiletAgain/VotV/Content/Mods/VoidMod2/Assets/Audio/buttonclick.uexp" 382
"../../../Engine/Content/ArtTools/RenderToTexture/Textures/127grey.uasset" 383
"../../../Engine/Content/ArtTools/RenderToTexture/Textures/127grey.uexp" 384
"E:/Projects/votv-mod-IWant2UseToiletAgain/VotV/Content/Mods/VoidMod2/Assets/Images/ui_button.uasset" 385
"E:/Projects/votv-mod-IWant2UseToiletAgain/VotV/Content/Mods/VoidMod2/Assets/Images/ui_button.uexp" 386
"E:/Projects/votv-mod-IWant2UseToiletAgain/VotV/Content/Mods/VoidMod2/Assets/Widgets/spawnlist_item.uasset" 387
"E:/Projects/votv-mod-IWant2UseToiletAgain/VotV/Content/Mods/VoidMod2/Assets/Widgets/spawnlist_item.uexp" 388
"E:/Projects/votv-mod-IWant2UseToiletAgain/VotV/Content/Mods/VoidMod2/Assets/Widgets/spawnlist.uasset" 389
"E:/Projects/votv-mod-IWant2UseToiletAgain/VotV/Content/Mods/VoidMod2/Assets/Widgets/spawnlist.uexp" 390
"E:/Projects/votv-mod-IWant2UseToiletAgain/VotV/Content/Mods/VoidMod2/Assets/Images/VoidModIconTransparent.uasset" 391
"E:/Projects/votv-mod-IWant2UseToiletAgain/VotV/Content/Mods/VoidMod2/Assets/Images/VoidModIconTransparent.uexp" 392
"E:/Projects/votv-mod-IWant2UseToiletAgain/VotV/Content/Mods/VoidMod2/Assets/Images/VoidModIconTransparent.ubulk" 393
"E:/Projects/votv-mod-IWant2UseToiletAgain/VotV/Content/Mods/VoidMod2/Assets/Widgets/branded_loading.uasset" 394
"E:/Projects/votv-mod-IWant2UseToiletAgain/VotV/Content/Mods/VoidMod2/Assets/Widgets/branded_loading.uexp" 395
"E:/Projects/votv-mod-IWant2UseToiletAgain/VotV/Content/Mods/VoidMod2/Assets/Structs/VoidMod_CustomCommandData.uasset" 396
"E:/Projects/votv-mod-IWant2UseToiletAgain/VotV/Content/Mods/VoidMod2/Assets/Structs/VoidMod_CustomCommandData.uexp" 397
"E:/Projects/votv-mod-IWant2UseToiletAgain/VotV/Content/Mods/VoidMod2/Assets/Structs/VoidMod_CustomVariable.uasset" 398
"E:/Projects/votv-mod-IWant2UseToiletAgain/VotV/Content/Mods/VoidMod2/Assets/Structs/VoidMod_CustomVariable.uexp" 399
"E:/Projects/votv-mod-IWant2UseToiletAgain/VotV/Content/Mods/VoidMod2/Assets/Saves/VoidModDataSave.uasset" 400
"E:/Projects/votv-mod-IWant2UseToiletAgain/VotV/Content/Mods/VoidMod2/Assets/Saves/VoidModDataSave.uexp" 401
"E:/Projects/votv-mod-IWant2UseToiletAgain/VotV/Content/Mods/VoidMod2/Assets/Interfaces/VoidMod_SaveData.uasset" 402
"E:/Projects/votv-mod-IWant2UseToiletAgain/VotV/Content/Mods/VoidMod2/Assets/Interfaces/VoidMod_SaveData.uexp" 403
"E:/Projects/votv-mod-IWant2UseToiletAgain/VotV/Content/Mods/VoidMod2/VoidModInstance.uasset" 404
"E:/Projects/votv-mod-IWant2UseToiletAgain/VotV/Content/Mods/VoidMod2/VoidModInstance.uexp" 405
"E:/Projects/votv-mod-IWant2UseToiletAgain/VotV/Content/Mods/VoidMod2/Assets/Interfaces/VoidMod_Config.uasset" 406
"E:/Projects/votv-mod-IWant2UseToiletAgain/VotV/Content/Mods/VoidMod2/Assets/Interfaces/VoidMod_Config.uexp" 407
"E:/Projects/votv-mod-IWant2UseToiletAgain/VotV/Content/Mods/VoidMod2/Assets/Interfaces/VoidMod_Base.uasset" 408
"E:/Projects/votv-mod-IWant2UseToiletAgain/VotV/Content/Mods/VoidMod2/Assets/Interfaces/VoidMod_Base.uexp" 409
"E:/Projects/votv-mod-IWant2UseToiletAgain/VotV/Content/Mods/VoidMod2/Assets/Interfaces/VoidMod_Terminal.uasset" 410
"E:/Projects/votv-mod-IWant2UseToiletAgain/VotV/Content/Mods/VoidMod2/Assets/Interfaces/VoidMod_Terminal.uexp" 411
"E:/Projects/votv-mod-IWant2UseToiletAgain/VotV/Content/objects/arirShip.uasset" 412
"E:/Projects/votv-mod-IWant2UseToiletAgain/VotV/Content/objects/arirShip.uexp" 413
"E:/Projects/votv-mod-IWant2UseToiletAgain/VotV/Content/Mods/SampleBananaCat/bananacat.uasset" 414
"E:/Projects/votv-mod-IWant2UseToiletAgain/VotV/Content/Mods/SampleBananaCat/bananacat.uexp" 415
"E:/Projects/votv-mod-IWant2UseToiletAgain/VotV/Content/Mods/SampleBananaCat/bananacat.ubulk" 416
"E:/Projects/votv-mod-IWant2UseToiletAgain/VotV/Content/README.uasset" 417
"E:/Projects/votv-mod-IWant2UseToiletAgain/VotV/Content/README.uexp" 418
"E:/Projects/votv-mod-IWant2UseToiletAgain/VotV/Content/Mods/IWantToUseToiletAgain/icon.uasset" 419
"E:/Projects/votv-mod-IWant2UseToiletAgain/VotV/Content/Mods/IWantToUseToiletAgain/icon.uexp" 420
"E:/Projects/votv-mod-IWant2UseToiletAgain/VotV/Content/Mods/IWantToUseToiletAgain/icon.ubulk" 421
"E:/Projects/votv-mod-IWant2UseToiletAgain/VotV/Content/audio/classes/cl_ambient.uasset" 422
"E:/Projects/votv-mod-IWant2UseToiletAgain/VotV/Content/audio/classes/cl_ambient.uexp" 423
"E:/Projects/votv-mod-IWant2UseToiletAgain/VotV/Content/audio/classes/cl_effects_nopause.uasset" 424
"E:/Projects/votv-mod-IWant2UseToiletAgain/VotV/Content/audio/classes/cl_effects_nopause.uexp" 425
"E:/Projects/votv-mod-IWant2UseToiletAgain/VotV/Content/audio/classes/cl_master.uasset" 426
"E:/Projects/votv-mod-IWant2UseToiletAgain/VotV/Content/audio/classes/cl_master.uexp" 427
"E:/Projects/votv-mod-IWant2UseToiletAgain/VotV/Content/audio/classes/cl_music_rev.uasset" 428
"E:/Projects/votv-mod-IWant2UseToiletAgain/VotV/Content/audio/classes/cl_music_rev.uexp" 429
"E:/Projects/votv-mod-IWant2UseToiletAgain/VotV/Content/audio/classes/cl_rain.uasset" 430
"E:/Projects/votv-mod-IWant2UseToiletAgain/VotV/Content/audio/classes/cl_rain.uexp" 431
"E:/Projects/votv-mod-IWant2UseToiletAgain/VotV/Content/audio/effects/garbage_put.uasset" 432
"E:/Projects/votv-mod-IWant2UseToiletAgain/VotV/Content/audio/effects/garbage_put.uexp" 433
"E:/Projects/votv-mod-IWant2UseToiletAgain/VotV/Content/audio/effects/signals/test_highQualityNoise.uasset" 434
"E:/Projects/votv-mod-IWant2UseToiletAgain/VotV/Content/audio/effects/signals/test_highQualityNoise.uexp" 435
"E:/Projects/votv-mod-IWant2UseToiletAgain/VotV/Content/main/constNRTsetting_signals.uasset" 436
"E:/Projects/votv-mod-IWant2UseToiletAgain/VotV/Content/main/constNRTsetting_signals.uexp" 437
"E:/Projects/votv-mod-IWant2UseToiletAgain/VotV/Content/audio/effects/signals/test_highQualityNoise_NRT.uasset" 438
"E:/Projects/votv-mod-IWant2UseToiletAgain/VotV/Content/audio/effects/signals/test_highQualityNoise_NRT.uexp" 439
"E:/Projects/votv-mod-IWant2UseToiletAgain/VotV/Content/audio/classes/cl_effects.uasset" 440
"E:/Projects/votv-mod-IWant2UseToiletAgain/VotV/Content/audio/classes/cl_effects.uexp" 441
"E:/Projects/votv-mod-IWant2UseToiletAgain/VotV/Content/audio/effects/signals/test_highQuality.uasset" 442
"E:/Projects/votv-mod-IWant2UseToiletAgain/VotV/Content/audio/effects/signals/test_highQuality.uexp" 443
"E:/Projects/votv-mod-IWant2UseToiletAgain/VotV/Content/audio/effects/signals/test_highQuality_NRT.uasset" 444
"E:/Projects/votv-mod-IWant2UseToiletAgain/VotV/Content/audio/effects/signals/test_highQuality_NRT.uexp" 445
"E:/Projects/votv-mod-IWant2UseToiletAgain/VotV/Content/audio/effects/signals/test_lowQualityNoise.uasset" 446
"E:/Projects/votv-mod-IWant2UseToiletAgain/VotV/Content/audio/effects/signals/test_lowQualityNoise.uexp" 447
"E:/Projects/votv-mod-IWant2UseToiletAgain/VotV/Content/audio/effects/signals/test_lowQualityNoise_NRT.uasset" 448
"E:/Projects/votv-mod-IWant2UseToiletAgain/VotV/Content/audio/effects/signals/test_lowQualityNoise_NRT.uexp" 449
"E:/Projects/votv-mod-IWant2UseToiletAgain/VotV/Content/audio/effects/signals/test_rawLowQualityNoise.uasset" 450
"E:/Projects/votv-mod-IWant2UseToiletAgain/VotV/Content/audio/effects/signals/test_rawLowQualityNoise.uexp" 451
"E:/Projects/votv-mod-IWant2UseToiletAgain/VotV/Content/audio/effects/signals/test_rawLowQualityNoise_NRT.uasset" 452
"E:/Projects/votv-mod-IWant2UseToiletAgain/VotV/Content/audio/effects/signals/test_rawLowQualityNoise_NRT.uexp" 453
"E:/Projects/votv-mod-IWant2UseToiletAgain/VotV/Content/main/FSEX300.uasset" 454
"E:/Projects/votv-mod-IWant2UseToiletAgain/VotV/Content/main/FSEX300.uexp" 455
"E:/Projects/votv-mod-IWant2UseToiletAgain/VotV/Content/main/FSEX300.ufont" 456
"E:/Projects/votv-mod-IWant2UseToiletAgain/VotV/Content/main/FSEX300_1.uasset" 457
"E:/Projects/votv-mod-IWant2UseToiletAgain/VotV/Content/main/FSEX300_1.uexp" 458
"E:/Projects/votv-mod-IWant2UseToiletAgain/VotV/Content/main/struct_picturesDim.uasset" 459
"E:/Projects/votv-mod-IWant2UseToiletAgain/VotV/Content/main/struct_picturesDim.uexp" 460
"E:/Projects/votv-mod-IWant2UseToiletAgain/VotV/Content/main/datatables/list_achievements.uasset" 461
"E:/Projects/votv-mod-IWant2UseToiletAgain/VotV/Content/main/datatables/list_achievements.uexp" 462
"E:/Projects/votv-mod-IWant2UseToiletAgain/VotV/Content/main/datatables/list_advancements.uasset" 463
"E:/Projects/votv-mod-IWant2UseToiletAgain/VotV/Content/main/datatables/list_advancements.uexp" 464
"E:/Projects/votv-mod-IWant2UseToiletAgain/VotV/Content/main/datatables/list_breakableProps.uasset" 465
"E:/Projects/votv-mod-IWant2UseToiletAgain/VotV/Content/main/datatables/list_breakableProps.uexp" 466
"E:/Projects/votv-mod-IWant2UseToiletAgain/VotV/Content/main/structs/struct_SignalEmailResponse.uasset" 467
"E:/Projects/votv-mod-IWant2UseToiletAgain/VotV/Content/main/structs/struct_SignalEmailResponse.uexp" 468
"E:/Projects/votv-mod-IWant2UseToiletAgain/VotV/Content/main/structs/struct_characterResponse_v21.uasset" 469
"E:/Projects/votv-mod-IWant2UseToiletAgain/VotV/Content/main/structs/struct_characterResponse_v21.uexp" 470
"E:/Projects/votv-mod-IWant2UseToiletAgain/VotV/Content/main/datatables/list_charactersSignalResponse.uasset" 471
"E:/Projects/votv-mod-IWant2UseToiletAgain/VotV/Content/main/datatables/list_charactersSignalResponse.uexp" 472
"E:/Projects/votv-mod-IWant2UseToiletAgain/VotV/Content/main/datatables/list_consoleText.uasset" 473
"E:/Projects/votv-mod-IWant2UseToiletAgain/VotV/Content/main/datatables/list_consoleText.uexp" 474
"E:/Projects/votv-mod-IWant2UseToiletAgain/VotV/Content/main/structs/struct_crafting.uasset" 475
"E:/Projects/votv-mod-IWant2UseToiletAgain/VotV/Content/main/structs/struct_crafting.uexp" 476
"E:/Projects/votv-mod-IWant2UseToiletAgain/VotV/Content/main/datatables/list_craftRecipes.uasset" 477
"E:/Projects/votv-mod-IWant2UseToiletAgain/VotV/Content/main/datatables/list_craftRecipes.uexp" 478
"E:/Projects/votv-mod-IWant2UseToiletAgain/VotV/Content/main/structs/struct_characterEmailProfile.uasset" 479
"E:/Projects/votv-mod-IWant2UseToiletAgain/VotV/Content/main/structs/struct_characterEmailProfile.uexp" 480
"E:/Projects/votv-mod-IWant2UseToiletAgain/VotV/Content/main/datatables/list_emailCharacters.uasset" 481
"E:/Projects/votv-mod-IWant2UseToiletAgain/VotV/Content/main/datatables/list_emailCharacters.uexp" 482
"E:/Projects/votv-mod-IWant2UseToiletAgain/VotV/Content/main/structs/struct_equipmentWear.uasset" 483
"E:/Projects/votv-mod-IWant2UseToiletAgain/VotV/Content/main/structs/struct_equipmentWear.uexp" 484
"E:/Projects/votv-mod-IWant2UseToiletAgain/VotV/Content/main/datatables/list_equipment.uasset" 485
"E:/Projects/votv-mod-IWant2UseToiletAgain/VotV/Content/main/datatables/list_equipment.uexp" 486
"E:/Projects/votv-mod-IWant2UseToiletAgain/VotV/Content/main/structs/struct_event.uasset" 487
"E:/Projects/votv-mod-IWant2UseToiletAgain/VotV/Content/main/structs/struct_event.uexp" 488
"E:/Projects/votv-mod-IWant2UseToiletAgain/VotV/Content/main/datatables/list_events.uasset" 489
"E:/Projects/votv-mod-IWant2UseToiletAgain/VotV/Content/main/datatables/list_events.uexp" 490
"E:/Projects/votv-mod-IWant2UseToiletAgain/VotV/Content/main/structs/struct_farmPlant.uasset" 491
"E:/Projects/votv-mod-IWant2UseToiletAgain/VotV/Content/main/structs/struct_farmPlant.uexp" 492
"E:/Projects/votv-mod-IWant2UseToiletAgain/VotV/Content/main/datatables/list_farmPlants.uasset" 493
"E:/Projects/votv-mod-IWant2UseToiletAgain/VotV/Content/main/datatables/list_farmPlants.uexp" 494
"E:/Projects/votv-mod-IWant2UseToiletAgain/VotV/Content/main/datatables/list_food.uasset" 495
"E:/Projects/votv-mod-IWant2UseToiletAgain/VotV/Content/main/datatables/list_food.uexp" 496
"E:/Projects/votv-mod-IWant2UseToiletAgain/VotV/Content/main/structs/struct_help.uasset" 497
"E:/Projects/votv-mod-IWant2UseToiletAgain/VotV/Content/main/structs/struct_help.uexp" 498
"E:/Projects/votv-mod-IWant2UseToiletAgain/VotV/Content/main/datatables/list_help.uasset" 499
"E:/Projects/votv-mod-IWant2UseToiletAgain/VotV/Content/main/datatables/list_help.uexp" 500
"E:/Projects/votv-mod-IWant2UseToiletAgain/VotV/Content/main/enums/enum_kerfurDripType.uasset" 501
"E:/Projects/votv-mod-IWant2UseToiletAgain/VotV/Content/main/enums/enum_kerfurDripType.uexp" 502
"E:/Projects/votv-mod-IWant2UseToiletAgain/VotV/Content/main/structs/struct_kerfurDrip.uasset" 503
"E:/Projects/votv-mod-IWant2UseToiletAgain/VotV/Content/main/structs/struct_kerfurDrip.uexp" 504
"E:/Projects/votv-mod-IWant2UseToiletAgain/VotV/Content/main/datatables/list_kerfurDrip.uasset" 505
"E:/Projects/votv-mod-IWant2UseToiletAgain/VotV/Content/main/datatables/list_kerfurDrip.uexp" 506
"E:/Projects/votv-mod-IWant2UseToiletAgain/VotV/Content/main/datatables/list_keybinds.uasset" 507
"E:/Projects/votv-mod-IWant2UseToiletAgain/VotV/Content/main/datatables/list_keybinds.uexp" 508
"E:/Projects/votv-mod-IWant2UseToiletAgain/VotV/Content/main/datatables/list_objects.uasset" 509
"E:/Projects/votv-mod-IWant2UseToiletAgain/VotV/Content/main/datatables/list_objects.uexp" 510
"E:/Projects/votv-mod-IWant2UseToiletAgain/VotV/Content/main/datatables/list_patreonText.uasset" 511
"E:/Projects/votv-mod-IWant2UseToiletAgain/VotV/Content/main/datatables/list_patreonText.uexp" 512
"E:/Projects/votv-mod-IWant2UseToiletAgain/VotV/Content/main/datatables/list_physSound.uasset" 513
"E:/Projects/votv-mod-IWant2UseToiletAgain/VotV/Content/main/datatables/list_physSound.uexp" 514
"E:/Projects/votv-mod-IWant2UseToiletAgain/VotV/Content/main/datatables/list_props.uasset" 515
"E:/Projects/votv-mod-IWant2UseToiletAgain/VotV/Content/main/datatables/list_props.uexp" 516
"E:/Projects/votv-mod-IWant2UseToiletAgain/VotV/Content/main/structs/struct_shroom.uasset" 517
"E:/Projects/votv-mod-IWant2UseToiletAgain/VotV/Content/main/structs/struct_shroom.uexp" 518
"E:/Projects/votv-mod-IWant2UseToiletAgain/VotV/Content/main/datatables/list_shrooms.uasset" 519
"E:/Projects/votv-mod-IWant2UseToiletAgain/VotV/Content/main/datatables/list_shrooms.uexp" 520
"E:/Projects/votv-mod-IWant2UseToiletAgain/VotV/Content/main/datatables/list_signalEmailResponse.uasset" 521
"E:/Projects/votv-mod-IWant2UseToiletAgain/VotV/Content/main/datatables/list_signalEmailResponse.uexp" 522
"E:/Projects/votv-mod-IWant2UseToiletAgain/VotV/Content/main/datatables/list_signals.uasset" 523
"E:/Projects/votv-mod-IWant2UseToiletAgain/VotV/Content/main/datatables/list_signals.uexp" 524
"E:/Projects/votv-mod-IWant2UseToiletAgain/VotV/Content/main/structs/struct_scientistSpecialResponse.uasset" 525
"E:/Projects/votv-mod-IWant2UseToiletAgain/VotV/Content/main/structs/struct_scientistSpecialResponse.uexp" 526
"E:/Projects/votv-mod-IWant2UseToiletAgain/VotV/Content/main/datatables/list_specialResponses.uasset" 527
"E:/Projects/votv-mod-IWant2UseToiletAgain/VotV/Content/main/datatables/list_specialResponses.uexp" 528
"E:/Projects/votv-mod-IWant2UseToiletAgain/VotV/Content/main/datatables/list_store.uasset" 529
"E:/Projects/votv-mod-IWant2UseToiletAgain/VotV/Content/main/datatables/list_store.uexp" 530
"E:/Projects/votv-mod-IWant2UseToiletAgain/VotV/Content/main/structs/struct_subtitle.uasset" 531
"E:/Projects/votv-mod-IWant2UseToiletAgain/VotV/Content/main/structs/struct_subtitle.uexp" 532
"E:/Projects/votv-mod-IWant2UseToiletAgain/VotV/Content/main/datatables/list_subtitles.uasset" 533
"E:/Projects/votv-mod-IWant2UseToiletAgain/VotV/Content/main/datatables/list_subtitles.uexp" 534
"E:/Projects/votv-mod-IWant2UseToiletAgain/VotV/Content/main/datatables/list_weapons.uasset" 535
"E:/Projects/votv-mod-IWant2UseToiletAgain/VotV/Content/main/datatables/list_weapons.uexp" 536
"E:/Projects/votv-mod-IWant2UseToiletAgain/VotV/Content/main/structs/struct_objectProb.uasset" 537
"E:/Projects/votv-mod-IWant2UseToiletAgain/VotV/Content/main/structs/struct_objectProb.uexp" 538
"E:/Projects/votv-mod-IWant2UseToiletAgain/VotV/Content/main/datatables/list_weightedObject.uasset" 539
"E:/Projects/votv-mod-IWant2UseToiletAgain/VotV/Content/main/datatables/list_weightedObject.uexp" 540
"E:/Projects/votv-mod-IWant2UseToiletAgain/VotV/Content/main/enums/enum_char.uasset" 541
"E:/Projects/votv-mod-IWant2UseToiletAgain/VotV/Content/main/enums/enum_char.uexp" 542
"E:/Projects/votv-mod-IWant2UseToiletAgain/VotV/Content/main/enums/enum_controllerType.uasset" 543
"E:/Projects/votv-mod-IWant2UseToiletAgain/VotV/Content/main/enums/enum_controllerType.uexp" 544
"E:/Projects/votv-mod-IWant2UseToiletAgain/VotV/Content/main/enums/enum_kerfurCommand.uasset" 545
"E:/Projects/votv-mod-IWant2UseToiletAgain/VotV/Content/main/enums/enum_kerfurCommand.uexp" 546
"E:/Projects/votv-mod-IWant2UseToiletAgain/VotV/Content/main/enums/enum_tvStatus.uasset" 547
"E:/Projects/votv-mod-IWant2UseToiletAgain/VotV/Content/main/enums/enum_tvStatus.uexp" 548
"E:/Projects/votv-mod-IWant2UseToiletAgain/VotV/Content/main/interfaces/int_animEvents.uasset" 549
"E:/Projects/votv-mod-IWant2UseToiletAgain/VotV/Content/main/interfaces/int_animEvents.uexp" 550
"E:/Projects/votv-mod-IWant2UseToiletAgain/VotV/Content/main/interfaces/int_globalChange.uasset" 551
"E:/Projects/votv-mod-IWant2UseToiletAgain/VotV/Content/main/interfaces/int_globalChange.uexp" 552
"E:/Projects/votv-mod-IWant2UseToiletAgain/VotV/Content/main/interfaces/int_playerInput.uasset" 553
"E:/Projects/votv-mod-IWant2UseToiletAgain/VotV/Content/main/interfaces/int_playerInput.uexp" 554
"E:/Projects/votv-mod-IWant2UseToiletAgain/VotV/Content/main/interfaces/int_widgets.uasset" 555
"E:/Projects/votv-mod-IWant2UseToiletAgain/VotV/Content/main/interfaces/int_widgets.uexp" 556
"E:/Projects/votv-mod-IWant2UseToiletAgain/VotV/Content/objects/wire.uasset" 557
"E:/Projects/votv-mod-IWant2UseToiletAgain/VotV/Content/objects/wire.uexp" 558
"E:/Projects/votv-mod-IWant2UseToiletAgain/VotV/Content/main/interfaces/int_wire.uasset" 559
"E:/Projects/votv-mod-IWant2UseToiletAgain/VotV/Content/main/interfaces/int_wire.uexp" 560
"E:/Projects/votv-mod-IWant2UseToiletAgain/VotV/Content/main/structs/enum_playlist.uasset" 561
"E:/Projects/votv-mod-IWant2UseToiletAgain/VotV/Content/main/structs/enum_playlist.uexp" 562
"E:/Projects/votv-mod-IWant2UseToiletAgain/VotV/Content/objects/effect.uasset" 563
"E:/Projects/votv-mod-IWant2UseToiletAgain/VotV/Content/objects/effect.uexp" 564
"E:/Projects/votv-mod-IWant2UseToiletAgain/VotV/Content/main/structs/struct_effect.uasset" 565
"E:/Projects/votv-mod-IWant2UseToiletAgain/VotV/Content/main/structs/struct_effect.uexp" 566
"E:/Projects/votv-mod-IWant2UseToiletAgain/VotV/Content/main/structs/struct_ignalEmailResponse.uasset" 567
"E:/Projects/votv-mod-IWant2UseToiletAgain/VotV/Content/main/structs/struct_ignalEmailResponse.uexp" 568
"E:/Projects/votv-mod-IWant2UseToiletAgain/VotV/Content/main/structs/struct_multiselectionCustomMesh.uasset" 569
"E:/Projects/votv-mod-IWant2UseToiletAgain/VotV/Content/main/structs/struct_multiselectionCustomMesh.uexp" 570
"E:/Projects/votv-mod-IWant2UseToiletAgain/VotV/Content/main/structs/struct_propObject.uasset" 571
"E:/Projects/votv-mod-IWant2UseToiletAgain/VotV/Content/main/structs/struct_propObject.uexp" 572
"E:/Projects/votv-mod-IWant2UseToiletAgain/VotV/Content/main/structs/struct_signal_data.uasset" 573
"E:/Projects/votv-mod-IWant2UseToiletAgain/VotV/Content/main/structs/struct_signal_data.uexp" 574
"E:/Projects/votv-mod-IWant2UseToiletAgain/VotV/Content/main/structs/struct_signal_data2.uasset" 575
"E:/Projects/votv-mod-IWant2UseToiletAgain/VotV/Content/main/structs/struct_signal_data2.uexp" 576
"E:/Projects/votv-mod-IWant2UseToiletAgain/VotV/Content/main/structs/struct_stats.uasset" 577
"E:/Projects/votv-mod-IWant2UseToiletAgain/VotV/Content/main/structs/struct_stats.uexp" 578
"E:/Projects/votv-mod-IWant2UseToiletAgain/VotV/Content/main/structs/struct_storeOrder.uasset" 579
"E:/Projects/votv-mod-IWant2UseToiletAgain/VotV/Content/main/structs/struct_storeOrder.uexp" 580
"E:/Projects/votv-mod-IWant2UseToiletAgain/VotV/Content/materials/basic/mat_foliage.uasset" 581
"E:/Projects/votv-mod-IWant2UseToiletAgain/VotV/Content/materials/basic/mat_foliage.uexp" 582
"../../../Engine/Content/EngineResources/DefaultTexture.uasset" 583
"../../../Engine/Content/EngineResources/DefaultTexture.uexp" 584
"../../../Engine/Content/EngineResources/DefaultTexture.ubulk" 585
"../../../Engine/Content/EngineMaterials/BlendFunc_DefBlend.uasset" 586
"../../../Engine/Content/EngineMaterials/BlendFunc_DefBlend.uexp" 587
"../../../Engine/Content/EngineMaterials/BlendFunc_DefBase.uasset" 588
"../../../Engine/Content/EngineMaterials/BlendFunc_DefBase.uexp" 589
"../../../Engine/Content/Functions/Engine_MaterialFunctions03/Blends/Blend_ColorDodge.uasset" 590
"../../../Engine/Content/Functions/Engine_MaterialFunctions03/Blends/Blend_ColorDodge.uexp" 591
"E:/Projects/votv-mod-IWant2UseToiletAgain/VotV/Content/materials/basic/mat_object.uasset" 592
"E:/Projects/votv-mod-IWant2UseToiletAgain/VotV/Content/materials/basic/mat_object.uexp" 593
"E:/Projects/votv-mod-IWant2UseToiletAgain/VotV/Content/materials/phys/bag.uasset" 594
"E:/Projects/votv-mod-IWant2UseToiletAgain/VotV/Content/materials/phys/bag.uexp" 595
"E:/Projects/votv-mod-IWant2UseToiletAgain/VotV/Content/materials/phys/bag_flammable.uasset" 596
"E:/Projects/votv-mod-IWant2UseToiletAgain/VotV/Content/materials/phys/bag_flammable.uexp" 597
"E:/Projects/votv-mod-IWant2UseToiletAgain/VotV/Content/materials/phys/ball.uasset" 598
"E:/Projects/votv-mod-IWant2UseToiletAgain/VotV/Content/materials/phys/ball.uexp" 599
"E:/Projects/votv-mod-IWant2UseToiletAgain/VotV/Content/materials/phys/balloon.uasset" 600
"E:/Projects/votv-mod-IWant2UseToiletAgain/VotV/Content/materials/phys/balloon.uexp" 601
"E:/Projects/votv-mod-IWant2UseToiletAgain/VotV/Content/materials/phys/barrel.uasset" 602
"E:/Projects/votv-mod-IWant2UseToiletAgain/VotV/Content/materials/phys/barrel.uexp" 603
"E:/Projects/votv-mod-IWant2UseToiletAgain/VotV/Content/materials/phys/batt.uasset" 604
"E:/Projects/votv-mod-IWant2UseToiletAgain/VotV/Content/materials/phys/batt.uexp" 605
"E:/Projects/votv-mod-IWant2UseToiletAgain/VotV/Content/materials/phys/body.uasset" 606
"E:/Projects/votv-mod-IWant2UseToiletAgain/VotV/Content/materials/phys/body.uexp" 607
"E:/Projects/votv-mod-IWant2UseToiletAgain/VotV/Content/materials/phys/can.uasset" 608
"E:/Projects/votv-mod-IWant2UseToiletAgain/VotV/Content/materials/phys/can.uexp" 609
"E:/Projects/votv-mod-IWant2UseToiletAgain/VotV/Content/materials/phys/concrete.uasset" 610
"E:/Projects/votv-mod-IWant2UseToiletAgain/VotV/Content/materials/phys/concrete.uexp" 611
"E:/Projects/votv-mod-IWant2UseToiletAgain/VotV/Content/materials/phys/concrete1.uasset" 612
"E:/Projects/votv-mod-IWant2UseToiletAgain/VotV/Content/materials/phys/concrete1.uexp" 613
"E:/Projects/votv-mod-IWant2UseToiletAgain/VotV/Content/materials/phys/concrete_flammable.uasset" 614
"E:/Projects/votv-mod-IWant2UseToiletAgain/VotV/Content/materials/phys/concrete_flammable.uexp" 615
"E:/Projects/votv-mod-IWant2UseToiletAgain/VotV/Content/materials/phys/concrete_float.uasset" 616
"E:/Projects/votv-mod-IWant2UseToiletAgain/VotV/Content/materials/phys/concrete_float.uexp" 617
"E:/Projects/votv-mod-IWant2UseToiletAgain/VotV/Content/materials/phys/concrete_massive.uasset" 618
"E:/Projects/votv-mod-IWant2UseToiletAgain/VotV/Content/materials/phys/concrete_massive.uexp" 619
"E:/Projects/votv-mod-IWant2UseToiletAgain/VotV/Content/materials/phys/concrete_massive_float.uasset" 620
"E:/Projects/votv-mod-IWant2UseToiletAgain/VotV/Content/materials/phys/concrete_massive_float.uexp" 621
"E:/Projects/votv-mod-IWant2UseToiletAgain/VotV/Content/materials/phys/concrete_shroom.uasset" 622
"E:/Projects/votv-mod-IWant2UseToiletAgain/VotV/Content/materials/phys/concrete_shroom.uexp" 623
"E:/Projects/votv-mod-IWant2UseToiletAgain/VotV/Content/materials/phys/cup.uasset" 624
"E:/Projects/votv-mod-IWant2UseToiletAgain/VotV/Content/materials/phys/cup.uexp" 625
"E:/Projects/votv-mod-IWant2UseToiletAgain/VotV/Content/materials/phys/dirt.uasset" 626
"E:/Projects/votv-mod-IWant2UseToiletAgain/VotV/Content/materials/phys/dirt.uexp" 627
"E:/Projects/votv-mod-IWant2UseToiletAgain/VotV/Content/materials/phys/drive.uasset" 628
"E:/Projects/votv-mod-IWant2UseToiletAgain/VotV/Content/materials/phys/drive.uexp" 629
"E:/Projects/votv-mod-IWant2UseToiletAgain/VotV/Content/materials/phys/flesh.uasset" 630
"E:/Projects/votv-mod-IWant2UseToiletAgain/VotV/Content/materials/phys/flesh.uexp" 631
"E:/Projects/votv-mod-IWant2UseToiletAgain/VotV/Content/materials/phys/food.uasset" 632
"E:/Projects/votv-mod-IWant2UseToiletAgain/VotV/Content/materials/phys/food.uexp" 633
"E:/Projects/votv-mod-IWant2UseToiletAgain/VotV/Content/materials/phys/fruit.uasset" 634
"E:/Projects/votv-mod-IWant2UseToiletAgain/VotV/Content/materials/phys/fruit.uexp" 635
"E:/Projects/votv-mod-IWant2UseToiletAgain/VotV/Content/materials/phys/glass.uasset" 636
"E:/Projects/votv-mod-IWant2UseToiletAgain/VotV/Content/materials/phys/glass.uexp" 637
"E:/Projects/votv-mod-IWant2UseToiletAgain/VotV/Content/materials/phys/gold.uasset" 638
"E:/Projects/votv-mod-IWant2UseToiletAgain/VotV/Content/materials/phys/gold.uexp" 639
"E:/Projects/votv-mod-IWant2UseToiletAgain/VotV/Content/materials/phys/gold_s.uasset" 640
"E:/Projects/votv-mod-IWant2UseToiletAgain/VotV/Content/materials/phys/gold_s.uexp" 641
"E:/Projects/votv-mod-IWant2UseToiletAgain/VotV/Content/materials/phys/goop.uasset" 642
"E:/Projects/votv-mod-IWant2UseToiletAgain/VotV/Content/materials/phys/goop.uexp" 643
"E:/Projects/votv-mod-IWant2UseToiletAgain/VotV/Content/materials/phys/grass.uasset" 644
"E:/Projects/votv-mod-IWant2UseToiletAgain/VotV/Content/materials/phys/grass.uexp" 645
"E:/Projects/votv-mod-IWant2UseToiletAgain/VotV/Content/materials/phys/grate.uasset" 646
"E:/Projects/votv-mod-IWant2UseToiletAgain/VotV/Content/materials/phys/grate.uexp" 647
"E:/Projects/votv-mod-IWant2UseToiletAgain/VotV/Content/materials/phys/gravel.uasset" 648
"E:/Projects/votv-mod-IWant2UseToiletAgain/VotV/Content/materials/phys/gravel.uexp" 649
"E:/Projects/votv-mod-IWant2UseToiletAgain/VotV/Content/materials/phys/ice.uasset" 650
"E:/Projects/votv-mod-IWant2UseToiletAgain/VotV/Content/materials/phys/ice.uexp" 651
"E:/Projects/votv-mod-IWant2UseToiletAgain/VotV/Content/materials/phys/kerfusWheel.uasset" 652
"E:/Projects/votv-mod-IWant2UseToiletAgain/VotV/Content/materials/phys/kerfusWheel.uexp" 653
"E:/Projects/votv-mod-IWant2UseToiletAgain/VotV/Content/materials/phys/marble.uasset" 654
"E:/Projects/votv-mod-IWant2UseToiletAgain/VotV/Content/materials/phys/marble.uexp" 655
"E:/Projects/votv-mod-IWant2UseToiletAgain/VotV/Content/materials/phys/metal.uasset" 656
"E:/Projects/votv-mod-IWant2UseToiletAgain/VotV/Content/materials/phys/metal.uexp" 657
"E:/Projects/votv-mod-IWant2UseToiletAgain/VotV/Content/materials/phys/metalHeavy.uasset" 658
"E:/Projects/votv-mod-IWant2UseToiletAgain/VotV/Content/materials/phys/metalHeavy.uexp" 659
"E:/Projects/votv-mod-IWant2UseToiletAgain/VotV/Content/materials/phys/metalPipe.uasset" 660
"E:/Projects/votv-mod-IWant2UseToiletAgain/VotV/Content/materials/phys/metalPipe.uexp" 661
"E:/Projects/votv-mod-IWant2UseToiletAgain/VotV/Content/materials/phys/metalPipe1.uasset" 662
"E:/Projects/votv-mod-IWant2UseToiletAgain/VotV/Content/materials/phys/metalPipe1.uexp" 663
"E:/Projects/votv-mod-IWant2UseToiletAgain/VotV/Content/materials/phys/paper.uasset" 664
"E:/Projects/votv-mod-IWant2UseToiletAgain/VotV/Content/materials/phys/paper.uexp" 665
"E:/Projects/votv-mod-IWant2UseToiletAgain/VotV/Content/materials/phys/plastic.uasset" 666
"E:/Projects/votv-mod-IWant2UseToiletAgain/VotV/Content/materials/phys/plastic.uexp" 667
"E:/Projects/votv-mod-IWant2UseToiletAgain/VotV/Content/materials/phys/plasticBarrel.uasset" 668
"E:/Projects/votv-mod-IWant2UseToiletAgain/VotV/Content/materials/phys/plasticBarrel.uexp" 669
"E:/Projects/votv-mod-IWant2UseToiletAgain/VotV/Content/materials/phys/sand.uasset" 670
"E:/Projects/votv-mod-IWant2UseToiletAgain/VotV/Content/materials/phys/sand.uexp" 671
"E:/Projects/votv-mod-IWant2UseToiletAgain/VotV/Content/materials/phys/sball.uasset" 672
"E:/Projects/votv-mod-IWant2UseToiletAgain/VotV/Content/materials/phys/sball.uexp" 673
"E:/Projects/votv-mod-IWant2UseToiletAgain/VotV/Content/materials/phys/silent.uasset" 674
"E:/Projects/votv-mod-IWant2UseToiletAgain/VotV/Content/materials/phys/silent.uexp" 675
"E:/Projects/votv-mod-IWant2UseToiletAgain/VotV/Content/materials/phys/slide.uasset" 676
"E:/Projects/votv-mod-IWant2UseToiletAgain/VotV/Content/materials/phys/slide.uexp" 677
"E:/Projects/votv-mod-IWant2UseToiletAgain/VotV/Content/materials/phys/slipperySlope.uasset" 678
"E:/Projects/votv-mod-IWant2UseToiletAgain/VotV/Content/materials/phys/slipperySlope.uexp" 679
"E:/Projects/votv-mod-IWant2UseToiletAgain/VotV/Content/materials/phys/snow.uasset" 680
"E:/Projects/votv-mod-IWant2UseToiletAgain/VotV/Content/materials/phys/snow.uexp" 681
"E:/Projects/votv-mod-IWant2UseToiletAgain/VotV/Content/materials/phys/vehicle.uasset" 682
"E:/Projects/votv-mod-IWant2UseToiletAgain/VotV/Content/materials/phys/vehicle.uexp" 683
"E:/Projects/votv-mod-IWant2UseToiletAgain/VotV/Content/materials/phys/vehicle_floatie.uasset" 684
"E:/Projects/votv-mod-IWant2UseToiletAgain/VotV/Content/materials/phys/vehicle_floatie.uexp" 685
"E:/Projects/votv-mod-IWant2UseToiletAgain/VotV/Content/materials/phys/wood.uasset" 686
"E:/Projects/votv-mod-IWant2UseToiletAgain/VotV/Content/materials/phys/wood.uexp" 687
"E:/Projects/votv-mod-IWant2UseToiletAgain/VotV/Content/materials/phys/zero.uasset" 688
"E:/Projects/votv-mod-IWant2UseToiletAgain/VotV/Content/materials/phys/zero.uexp" 689
"E:/Projects/votv-mod-IWant2UseToiletAgain/VotV/Content/materials/phys/zeroBounce.uasset" 690
"E:/Projects/votv-mod-IWant2UseToiletAgain/VotV/Content/materials/phys/zeroBounce.uexp" 691
"E:/Projects/votv-mod-IWant2UseToiletAgain/VotV/Content/materials/unsorted/mat_params.uasset" 692
"E:/Projects/votv-mod-IWant2UseToiletAgain/VotV/Content/materials/unsorted/mat_params.uexp" 693
"E:/Projects/votv-mod-IWant2UseToiletAgain/VotV/Content/meshes/bush/inst_bush.uasset" 694
"E:/Projects/votv-mod-IWant2UseToiletAgain/VotV/Content/meshes/bush/inst_bush.uexp" 695
"E:/Projects/votv-mod-IWant2UseToiletAgain/VotV/Content/meshes/bush/tex_bushWind.uasset" 696
"E:/Projects/votv-mod-IWant2UseToiletAgain/VotV/Content/meshes/bush/tex_bushWind.uexp" 697
"E:/Projects/votv-mod-IWant2UseToiletAgain/VotV/Content/meshes/coal/coal.uasset" 698
"E:/Projects/votv-mod-IWant2UseToiletAgain/VotV/Content/meshes/coal/coal.uexp" 699
"E:/Projects/votv-mod-IWant2UseToiletAgain/VotV/Content/materials/basic/mat_void_sk.uasset" 700
"E:/Projects/votv-mod-IWant2UseToiletAgain/VotV/Content/materials/basic/mat_void_sk.uexp" 701
"E:/Projects/votv-mod-IWant2UseToiletAgain/VotV/Content/meshes/kerfus/face/kefrus_face_Skeleton.uasset" 702
"E:/Projects/votv-mod-IWant2UseToiletAgain/VotV/Content/meshes/kerfus/face/kefrus_face_Skeleton.uexp" 703
"E:/Projects/votv-mod-IWant2UseToiletAgain/VotV/Content/meshes/kerfus/mat_kerfusFace.uasset" 704
"E:/Projects/votv-mod-IWant2UseToiletAgain/VotV/Content/meshes/kerfus/mat_kerfusFace.uexp" 705
"E:/Projects/votv-mod-IWant2UseToiletAgain/VotV/Content/meshes/kerfus/inst_kerfus_faceMat.uasset" 706
"E:/Projects/votv-mod-IWant2UseToiletAgain/VotV/Content/meshes/kerfus/inst_kerfus_faceMat.uexp" 707
"E:/Projects/votv-mod-IWant2UseToiletAgain/VotV/Content/meshes/kerfus/face/kefrus_face.uasset" 708
"E:/Projects/votv-mod-IWant2UseToiletAgain/VotV/Content/meshes/kerfus/face/kefrus_face.uexp" 709
"E:/Projects/votv-mod-IWant2UseToiletAgain/VotV/Content/meshes/obelisk/tex_obeliskSign.uasset" 710
"E:/Projects/votv-mod-IWant2UseToiletAgain/VotV/Content/meshes/obelisk/tex_obeliskSign.uexp" 711
"E:/Projects/votv-mod-IWant2UseToiletAgain/VotV/Content/Mods/SampleBananaCat/ModActor.uasset" 712
"E:/Projects/votv-mod-IWant2UseToiletAgain/VotV/Content/Mods/SampleBananaCat/ModActor.uexp" 713
"E:/Projects/votv-mod-IWant2UseToiletAgain/VotV/Content/Mods/SampleBananaCat/_Content/main/datatables/_list_props.uasset" 714
"E:/Projects/votv-mod-IWant2UseToiletAgain/VotV/Content/Mods/SampleBananaCat/_Content/main/datatables/_list_props.uexp" 715
"E:/Projects/votv-mod-IWant2UseToiletAgain/VotV/Content/Mods/VoidMod2/VoidModIcon.uasset" 716
"E:/Projects/votv-mod-IWant2UseToiletAgain/VotV/Content/Mods/VoidMod2/VoidModIcon.uexp" 717
"E:/Projects/votv-mod-IWant2UseToiletAgain/VotV/Content/Mods/VoidMod2/VoidModIcon.ubulk" 718
"E:/Projects/votv-mod-IWant2UseToiletAgain/VotV/Content/Mods/VoidMod2/ModActor.uasset" 719
"E:/Projects/votv-mod-IWant2UseToiletAgain/VotV/Content/Mods/VoidMod2/ModActor.uexp" 720
"E:/Projects/votv-mod-IWant2UseToiletAgain/VotV/Content/Mods/VoidMod2/Assets/Audio/achievement.uasset" 721
"E:/Projects/votv-mod-IWant2UseToiletAgain/VotV/Content/Mods/VoidMod2/Assets/Audio/achievement.uexp" 722
"E:/Projects/votv-mod-IWant2UseToiletAgain/VotV/Content/Mods/VoidMod2/Assets/Audio/buttonclickrelease.uasset" 723
"E:/Projects/votv-mod-IWant2UseToiletAgain/VotV/Content/Mods/VoidMod2/Assets/Audio/buttonclickrelease.uexp" 724
"E:/Projects/votv-mod-IWant2UseToiletAgain/VotV/Content/Mods/VoidMod2/Assets/Audio/deadTone.uasset" 725
"E:/Projects/votv-mod-IWant2UseToiletAgain/VotV/Content/Mods/VoidMod2/Assets/Audio/deadTone.uexp" 726
"E:/Projects/votv-mod-IWant2UseToiletAgain/VotV/Content/Mods/VoidMod2/Assets/Audio/notif1.uasset" 727
"E:/Projects/votv-mod-IWant2UseToiletAgain/VotV/Content/Mods/VoidMod2/Assets/Audio/notif1.uexp" 728
"E:/Projects/votv-mod-IWant2UseToiletAgain/VotV/Content/Mods/VoidMod2/Assets/Audio/notif2.uasset" 729
"E:/Projects/votv-mod-IWant2UseToiletAgain/VotV/Content/Mods/VoidMod2/Assets/Audio/notif2.uexp" 730
"E:/Projects/votv-mod-IWant2UseToiletAgain/VotV/Content/Mods/VoidMod2/Assets/Audio/notif3.uasset" 731
"E:/Projects/votv-mod-IWant2UseToiletAgain/VotV/Content/Mods/VoidMod2/Assets/Audio/notif3.uexp" 732
"E:/Projects/votv-mod-IWant2UseToiletAgain/VotV/Content/Mods/VoidMod2/Assets/Audio/notif4.uasset" 733
"E:/Projects/votv-mod-IWant2UseToiletAgain/VotV/Content/Mods/VoidMod2/Assets/Audio/notif4.uexp" 734
"E:/Projects/votv-mod-IWant2UseToiletAgain/VotV/Content/Mods/VoidMod2/Assets/Audio/notif_n.uasset" 735
"E:/Projects/votv-mod-IWant2UseToiletAgain/VotV/Content/Mods/VoidMod2/Assets/Audio/notif_n.uexp" 736
"E:/Projects/votv-mod-IWant2UseToiletAgain/VotV/Content/Mods/VoidMod2/Assets/Audio/notif_n2.uasset" 737
"E:/Projects/votv-mod-IWant2UseToiletAgain/VotV/Content/Mods/VoidMod2/Assets/Audio/notif_n2.uexp" 738
"E:/Projects/votv-mod-IWant2UseToiletAgain/VotV/Content/Mods/VoidMod2/Assets/Audio/notif_n3.uasset" 739
"E:/Projects/votv-mod-IWant2UseToiletAgain/VotV/Content/Mods/VoidMod2/Assets/Audio/notif_n3.uexp" 740
"E:/Projects/votv-mod-IWant2UseToiletAgain/VotV/Content/Mods/VoidMod2/Assets/Audio/terminalClick-01.uasset" 741
"E:/Projects/votv-mod-IWant2UseToiletAgain/VotV/Content/Mods/VoidMod2/Assets/Audio/terminalClick-01.uexp" 742
"E:/Projects/votv-mod-IWant2UseToiletAgain/VotV/Content/Mods/VoidMod2/Assets/Audio/terminalClick-02.uasset" 743
"E:/Projects/votv-mod-IWant2UseToiletAgain/VotV/Content/Mods/VoidMod2/Assets/Audio/terminalClick-02.uexp" 744
"E:/Projects/votv-mod-IWant2UseToiletAgain/VotV/Content/Mods/VoidMod2/Assets/Audio/terminalClick-03.uasset" 745
"E:/Projects/votv-mod-IWant2UseToiletAgain/VotV/Content/Mods/VoidMod2/Assets/Audio/terminalClick-03.uexp" 746
"E:/Projects/votv-mod-IWant2UseToiletAgain/VotV/Content/Mods/VoidMod2/Assets/Audio/terminalClick-04.uasset" 747
"E:/Projects/votv-mod-IWant2UseToiletAgain/VotV/Content/Mods/VoidMod2/Assets/Audio/terminalClick-04.uexp" 748
"E:/Projects/votv-mod-IWant2UseToiletAgain/VotV/Content/Mods/VoidMod2/Assets/Audio/terminalClick-05.uasset" 749
"E:/Projects/votv-mod-IWant2UseToiletAgain/VotV/Content/Mods/VoidMod2/Assets/Audio/terminalClick-05.uexp" 750
"E:/Projects/votv-mod-IWant2UseToiletAgain/VotV/Content/Mods/VoidMod2/Assets/Audio/terminalClick-06.uasset" 751
"E:/Projects/votv-mod-IWant2UseToiletAgain/VotV/Content/Mods/VoidMod2/Assets/Audio/terminalClick-06.uexp" 752
"E:/Projects/votv-mod-IWant2UseToiletAgain/VotV/Content/Mods/VoidMod2/Assets/Audio/terminalClick-07.uasset" 753
"E:/Projects/votv-mod-IWant2UseToiletAgain/VotV/Content/Mods/VoidMod2/Assets/Audio/terminalClick-07.uexp" 754
"E:/Projects/votv-mod-IWant2UseToiletAgain/VotV/Content/Mods/IWantToUseToiletAgain/ModActor.uasset" 755
"E:/Projects/votv-mod-IWant2UseToiletAgain/VotV/Content/Mods/IWantToUseToiletAgain/ModActor.uexp" 756
"E:/Projects/votv-mod-IWant2UseToiletAgain/VotV/Content/Mods/VoidMod2/Assets/Images/A_black_image.uasset" 757
"E:/Projects/votv-mod-IWant2UseToiletAgain/VotV/Content/Mods/VoidMod2/Assets/Images/A_black_image.uexp" 758
"E:/Projects/votv-mod-IWant2UseToiletAgain/VotV/Content/Mods/VoidMod2/Assets/Images/circle.uasset" 759
"E:/Projects/votv-mod-IWant2UseToiletAgain/VotV/Content/Mods/VoidMod2/Assets/Images/circle.uexp" 760
"E:/Projects/votv-mod-IWant2UseToiletAgain/VotV/Content/Mods/VoidMod2/Assets/Images/circle.ubulk" 761
"E:/Projects/votv-mod-IWant2UseToiletAgain/VotV/Content/Mods/VoidMod2/Assets/Images/Menu_Settings.uasset" 762
"E:/Projects/votv-mod-IWant2UseToiletAgain/VotV/Content/Mods/VoidMod2/Assets/Images/Menu_Settings.uexp" 763
"E:/Projects/votv-mod-IWant2UseToiletAgain/VotV/Content/Mods/VoidMod2/Assets/Images/Menu_Settings.ubulk" 764
"E:/Projects/votv-mod-IWant2UseToiletAgain/VotV/Content/Mods/VoidMod2/Assets/Images/semicircle.uasset" 765
"E:/Projects/votv-mod-IWant2UseToiletAgain/VotV/Content/Mods/VoidMod2/Assets/Images/semicircle.uexp" 766
"E:/Projects/votv-mod-IWant2UseToiletAgain/VotV/Content/Mods/VoidMod2/Assets/Images/semicircle.ubulk" 767
"E:/Projects/votv-mod-IWant2UseToiletAgain/VotV/Content/Mods/VoidMod2/Assets/Images/ui_background_64.uasset" 768
"E:/Projects/votv-mod-IWant2UseToiletAgain/VotV/Content/Mods/VoidMod2/Assets/Images/ui_background_64.uexp" 769
"E:/Projects/votv-mod-IWant2UseToiletAgain/VotV/Content/Mods/VoidMod2/Assets/Images/ui_button__64.uasset" 770
"E:/Projects/votv-mod-IWant2UseToiletAgain/VotV/Content/Mods/VoidMod2/Assets/Images/ui_button__64.uexp" 771
"E:/Projects/votv-mod-IWant2UseToiletAgain/VotV/Content/Mods/VoidMod2/Assets/Images/ui_checkbox_check.uasset" 772
"E:/Projects/votv-mod-IWant2UseToiletAgain/VotV/Content/Mods/VoidMod2/Assets/Images/ui_checkbox_check.uexp" 773
"E:/Projects/votv-mod-IWant2UseToiletAgain/VotV/Content/Mods/VoidMod2/Assets/Images/ui_checkbox_uncheck.uasset" 774
"E:/Projects/votv-mod-IWant2UseToiletAgain/VotV/Content/Mods/VoidMod2/Assets/Images/ui_checkbox_uncheck.uexp" 775
"E:/Projects/votv-mod-IWant2UseToiletAgain/VotV/Content/Mods/VoidMod2/Assets/Meshes/gatoplush/diffuse_gatoplushie.uasset" 776
"E:/Projects/votv-mod-IWant2UseToiletAgain/VotV/Content/Mods/VoidMod2/Assets/Meshes/gatoplush/diffuse_gatoplushie.uexp" 777
"E:/Projects/votv-mod-IWant2UseToiletAgain/VotV/Content/Mods/VoidMod2/Assets/Meshes/gatoplush/diffuse_gatoplushie.ubulk" 778
"E:/Projects/votv-mod-IWant2UseToiletAgain/VotV/Content/Mods/VoidMod2/Assets/Meshes/gatoplush/mat_gatoplushie.uasset" 779
"E:/Projects/votv-mod-IWant2UseToiletAgain/VotV/Content/Mods/VoidMod2/Assets/Meshes/gatoplush/mat_gatoplushie.uexp" 780
"E:/Projects/votv-mod-IWant2UseToiletAgain/VotV/Content/Mods/VoidMod2/Assets/Meshes/gatoplush/mesh_gatoplushie.uasset" 781
"E:/Projects/votv-mod-IWant2UseToiletAgain/VotV/Content/Mods/VoidMod2/Assets/Meshes/gatoplush/mesh_gatoplushie.uexp" 782
"E:/Projects/votv-mod-IWant2UseToiletAgain/VotV/Content/audio/classes/cl_music.uasset" 783
"E:/Projects/votv-mod-IWant2UseToiletAgain/VotV/Content/audio/classes/cl_music.uexp" 784
"E:/Projects/votv-mod-IWant2UseToiletAgain/VotV/Content/Mods/VoidMod2/Assets/Audio/MeowTrain.uasset" 785
"E:/Projects/votv-mod-IWant2UseToiletAgain/VotV/Content/Mods/VoidMod2/Assets/Audio/MeowTrain.uexp" 786
"E:/Projects/votv-mod-IWant2UseToiletAgain/VotV/Content/Mods/VoidMod2/Assets/Audio/Meow.uasset" 787
"E:/Projects/votv-mod-IWant2UseToiletAgain/VotV/Content/Mods/VoidMod2/Assets/Audio/Meow.uexp" 788
"E:/Projects/votv-mod-IWant2UseToiletAgain/VotV/Content/Mods/VoidMod2/Assets/Meshes/gatowell/diffuse_gatowell.uasset" 789
"E:/Projects/votv-mod-IWant2UseToiletAgain/VotV/Content/Mods/VoidMod2/Assets/Meshes/gatowell/diffuse_gatowell.uexp" 790
"E:/Projects/votv-mod-IWant2UseToiletAgain/VotV/Content/Mods/VoidMod2/Assets/Meshes/gatowell/diffuse_gatowell.ubulk" 791
"E:/Projects/votv-mod-IWant2UseToiletAgain/VotV/Content/Mods/VoidMod2/Assets/Meshes/gatowell/mat_gatowell.uasset" 792
"E:/Projects/votv-mod-IWant2UseToiletAgain/VotV/Content/Mods/VoidMod2/Assets/Meshes/gatowell/mat_gatowell.uexp" 793
"E:/Projects/votv-mod-IWant2UseToiletAgain/VotV/Content/Mods/VoidMod2/Assets/Meshes/gatowell/gatowell.uasset" 794
"E:/Projects/votv-mod-IWant2UseToiletAgain/VotV/Content/Mods/VoidMod2/Assets/Meshes/gatowell/gatowell.uexp" 795
"../../../Engine/Content/EngineMaterials/T_Default_Material_Grid_N.uasset" 796
"../../../Engine/Content/EngineMaterials/T_Default_Material_Grid_N.uexp" 797
"../../../Engine/Content/EngineMaterials/T_Default_Material_Grid_N.ubulk" 798
"../../../Engine/Content/EngineMaterials/T_Default_Material_Grid_M.uasset" 799
"../../../Engine/Content/EngineMaterials/T_Default_Material_Grid_M.uexp" 800
"../../../Engine/Content/EngineMaterials/T_Default_Material_Grid_M.ubulk" 801
"../../../Engine/Content/Functions/Engine_MaterialFunctions01/Opacity/CameraDepthFade.uasset" 802
"../../../Engine/Content/Functions/Engine_MaterialFunctions01/Opacity/CameraDepthFade.uexp" 803
"../../../Engine/Content/EngineMaterials/WorldGridMaterial.uasset" 804
"../../../Engine/Content/EngineMaterials/WorldGridMaterial.uexp" 805
"../../../Engine/Content/BasicShapes/Cube.uasset" 806
"../../../Engine/Content/BasicShapes/Cube.uexp" 807
"../../../Engine/Content/BasicShapes/BasicShapeMaterial.uasset" 808
"../../../Engine/Content/BasicShapes/BasicShapeMaterial.uexp" 809
"E:/Projects/votv-mod-IWant2UseToiletAgain/VotV/Content/Mods/VoidMod2/Assets/Meshes/voidmod_recyclingbin/tex_recyclingBin.uasset" 810
"E:/Projects/votv-mod-IWant2UseToiletAgain/VotV/Content/Mods/VoidMod2/Assets/Meshes/voidmod_recyclingbin/tex_recyclingBin.uexp" 811
"E:/Projects/votv-mod-IWant2UseToiletAgain/VotV/Content/Mods/VoidMod2/Assets/Meshes/voidmod_recyclingbin/tex_recyclingBin.ubulk" 812
"E:/Projects/votv-mod-IWant2UseToiletAgain/VotV/Content/Mods/VoidMod2/Assets/Meshes/voidmod_recyclingbin/recyclingBinMat.uasset" 813
"E:/Projects/votv-mod-IWant2UseToiletAgain/VotV/Content/Mods/VoidMod2/Assets/Meshes/voidmod_recyclingbin/recyclingBinMat.uexp" 814
"E:/Projects/votv-mod-IWant2UseToiletAgain/VotV/Content/Mods/VoidMod2/Assets/Meshes/voidmod_recyclingbin/recyclingBinCap.uasset" 815
"E:/Projects/votv-mod-IWant2UseToiletAgain/VotV/Content/Mods/VoidMod2/Assets/Meshes/voidmod_recyclingbin/recyclingBinCap.uexp" 816
"E:/Projects/votv-mod-IWant2UseToiletAgain/VotV/Content/Mods/VoidMod2/Assets/Meshes/voidmod_recyclingbin/recyclingBin.uasset" 817
"E:/Projects/votv-mod-IWant2UseToiletAgain/VotV/Content/Mods/VoidMod2/Assets/Meshes/voidmod_recyclingbin/recyclingBin.uexp" 818
"E:/Projects/votv-mod-IWant2UseToiletAgain/VotV/Content/Mods/VoidMod2/Assets/Objects/voidmod_recyclingbin.uasset" 819
"E:/Projects/votv-mod-IWant2UseToiletAgain/VotV/Content/Mods/VoidMod2/Assets/Objects/voidmod_recyclingbin.uexp" 820
"E:/Projects/votv-mod-IWant2UseToiletAgain/VotV/Content/textures/ui/uiButton.uasset" 821
"E:/Projects/votv-mod-IWant2UseToiletAgain/VotV/Content/textures/ui/uiButton.uexp" 822
"E:/Projects/votv-mod-IWant2UseToiletAgain/VotV/Content/textures/ui/inst_uiButton.uasset" 823
"E:/Projects/votv-mod-IWant2UseToiletAgain/VotV/Content/textures/ui/inst_uiButton.uexp" 824
"E:/Projects/votv-mod-IWant2UseToiletAgain/VotV/Content/Mods/VoidMod2/Assets/Widgets/credit_button.uasset" 825
"E:/Projects/votv-mod-IWant2UseToiletAgain/VotV/Content/Mods/VoidMod2/Assets/Widgets/credit_button.uexp" 826
"E:/Projects/votv-mod-IWant2UseToiletAgain/VotV/Content/Mods/VoidMod2/Assets/Widgets/modlist.uasset" 827
"E:/Projects/votv-mod-IWant2UseToiletAgain/VotV/Content/Mods/VoidMod2/Assets/Widgets/modlist.uexp" 828
"E:/Projects/votv-mod-IWant2UseToiletAgain/VotV/Content/Mods/VoidMod2/Assets/Widgets/modlist_item.uasset" 829
"E:/Projects/votv-mod-IWant2UseToiletAgain/VotV/Content/Mods/VoidMod2/Assets/Widgets/modlist_item.uexp" 830
"E:/Projects/votv-mod-IWant2UseToiletAgain/VotV/Content/Mods/VoidMod2/Assets/Images/ui_checkbox_uncheck_64.uasset" 831
"E:/Projects/votv-mod-IWant2UseToiletAgain/VotV/Content/Mods/VoidMod2/Assets/Images/ui_checkbox_uncheck_64.uexp" 832
"E:/Projects/votv-mod-IWant2UseToiletAgain/VotV/Content/Mods/VoidMod2/Assets/Images/ui_checkbox_check_64.uasset" 833
"E:/Projects/votv-mod-IWant2UseToiletAgain/VotV/Content/Mods/VoidMod2/Assets/Images/ui_checkbox_check_64.uexp" 834
"E:/Projects/votv-mod-IWant2UseToiletAgain/VotV/Content/Mods/VoidMod2/Assets/Widgets/optionsmenu_option_bool.uasset" 835
"E:/Projects/votv-mod-IWant2UseToiletAgain/VotV/Content/Mods/VoidMod2/Assets/Widgets/optionsmenu_option_bool.uexp" 836
"E:/Projects/votv-mod-IWant2UseToiletAgain/VotV/Content/Mods/VoidMod2/Assets/Widgets/optionsmenu_option.uasset" 837
"E:/Projects/votv-mod-IWant2UseToiletAgain/VotV/Content/Mods/VoidMod2/Assets/Widgets/optionsmenu_option.uexp" 838
"E:/Projects/votv-mod-IWant2UseToiletAgain/VotV/Content/Mods/VoidMod2/Assets/Widgets/optionsmenu_mod.uasset" 839
"E:/Projects/votv-mod-IWant2UseToiletAgain/VotV/Content/Mods/VoidMod2/Assets/Widgets/optionsmenu_mod.uexp" 840
"E:/Projects/votv-mod-IWant2UseToiletAgain/VotV/Content/Mods/VoidMod2/Assets/Widgets/optionsmenu.uasset" 841
"E:/Projects/votv-mod-IWant2UseToiletAgain/VotV/Content/Mods/VoidMod2/Assets/Widgets/optionsmenu.uexp" 842
"E:/Projects/votv-mod-IWant2UseToiletAgain/VotV/Content/Mods/VoidMod2/Assets/Widgets/spawnlist_2.uasset" 843
"E:/Projects/votv-mod-IWant2UseToiletAgain/VotV/Content/Mods/VoidMod2/Assets/Widgets/spawnlist_2.uexp" 844
"E:/Projects/votv-mod-IWant2UseToiletAgain/VotV/Content/objects/fridge.uasset" 845
"E:/Projects/votv-mod-IWant2UseToiletAgain/VotV/Content/objects/fridge.uexp" 846
"../../../Engine/Content/BasicShapes/Plane.uasset" 847
"../../../Engine/Content/BasicShapes/Plane.uexp" 848
"E:/Projects/votv-mod-IWant2UseToiletAgain/VotV/Content/objects/kerfusFace.uasset" 849
"E:/Projects/votv-mod-IWant2UseToiletAgain/VotV/Content/objects/kerfusFace.uexp" 850
"E:/Projects/votv-mod-IWant2UseToiletAgain/VotV/Content/objects/lightswitch.uasset" 851
"E:/Projects/votv-mod-IWant2UseToiletAgain/VotV/Content/objects/lightswitch.uexp" 852
"E:/Projects/votv-mod-IWant2UseToiletAgain/VotV/Content/objects/newsky.uasset" 853
"E:/Projects/votv-mod-IWant2UseToiletAgain/VotV/Content/objects/newsky.uexp" 854
"E:/Projects/votv-mod-IWant2UseToiletAgain/VotV/Content/objects/obelisk.uasset" 855
"E:/Projects/votv-mod-IWant2UseToiletAgain/VotV/Content/objects/obelisk.uexp" 856
"E:/Projects/votv-mod-IWant2UseToiletAgain/VotV/Content/objects/panel_download.uasset" 857
"E:/Projects/votv-mod-IWant2UseToiletAgain/VotV/Content/objects/panel_download.uexp" 858
"E:/Projects/votv-mod-IWant2UseToiletAgain/VotV/Content/objects/passwordLock.uasset" 859
"E:/Projects/votv-mod-IWant2UseToiletAgain/VotV/Content/objects/passwordLock.uexp" 860
"E:/Projects/votv-mod-IWant2UseToiletAgain/VotV/Content/objects/physicsImpact.uasset" 861
"E:/Projects/votv-mod-IWant2UseToiletAgain/VotV/Content/objects/physicsImpact.uexp" 862
"E:/Projects/votv-mod-IWant2UseToiletAgain/VotV/Content/objects/propRenderer.uasset" 863
"E:/Projects/votv-mod-IWant2UseToiletAgain/VotV/Content/objects/propRenderer.uexp" 864
"E:/Projects/votv-mod-IWant2UseToiletAgain/VotV/Content/objects/prop_blueprint.uasset" 865
"E:/Projects/votv-mod-IWant2UseToiletAgain/VotV/Content/objects/prop_blueprint.uexp" 866
"E:/Projects/votv-mod-IWant2UseToiletAgain/VotV/Content/objects/cig.uasset" 867
"E:/Projects/votv-mod-IWant2UseToiletAgain/VotV/Content/objects/cig.uexp" 868
"E:/Projects/votv-mod-IWant2UseToiletAgain/VotV/Content/objects/prop_cigpack.uasset" 869
"E:/Projects/votv-mod-IWant2UseToiletAgain/VotV/Content/objects/prop_cigpack.uexp" 870
"E:/Projects/votv-mod-IWant2UseToiletAgain/VotV/Content/objects/prop_clipboard.uasset" 871
"E:/Projects/votv-mod-IWant2UseToiletAgain/VotV/Content/objects/prop_clipboard.uexp" 872
"E:/Projects/votv-mod-IWant2UseToiletAgain/VotV/Content/objects/prop_coffeeMaker.uasset" 873
"E:/Projects/votv-mod-IWant2UseToiletAgain/VotV/Content/objects/prop_coffeeMaker.uexp" 874
"E:/Projects/votv-mod-IWant2UseToiletAgain/VotV/Content/objects/prop_coffeeMaker_Auto2.uasset" 875
"E:/Projects/votv-mod-IWant2UseToiletAgain/VotV/Content/objects/prop_coffeeMaker_Auto2.uexp" 876
"E:/Projects/votv-mod-IWant2UseToiletAgain/VotV/Content/objects/prop_container_itemBox.uasset" 877
"E:/Projects/votv-mod-IWant2UseToiletAgain/VotV/Content/objects/prop_container_itemBox.uexp" 878
"E:/Projects/votv-mod-IWant2UseToiletAgain/VotV/Content/objects/prop_funGun.uasset" 879
"E:/Projects/votv-mod-IWant2UseToiletAgain/VotV/Content/objects/prop_funGun.uexp" 880
"E:/Projects/votv-mod-IWant2UseToiletAgain/VotV/Content/objects/prop_mirror2.uasset" 881
"E:/Projects/votv-mod-IWant2UseToiletAgain/VotV/Content/objects/prop_mirror2.uexp" 882
"E:/Projects/votv-mod-IWant2UseToiletAgain/VotV/Content/objects/p_kerfus.uasset" 883
"E:/Projects/votv-mod-IWant2UseToiletAgain/VotV/Content/objects/p_kerfus.uexp" 884
"E:/Projects/votv-mod-IWant2UseToiletAgain/VotV/Content/objects/roz_anim.uasset" 885
"E:/Projects/votv-mod-IWant2UseToiletAgain/VotV/Content/objects/roz_anim.uexp" 886
"E:/Projects/votv-mod-IWant2UseToiletAgain/VotV/Content/objects/svTargetObject.uasset" 887
"E:/Projects/votv-mod-IWant2UseToiletAgain/VotV/Content/objects/svTargetObject.uexp" 888
"E:/Projects/votv-mod-IWant2UseToiletAgain/VotV/Content/objects/components/comp_nametag.uasset" 889
"E:/Projects/votv-mod-IWant2UseToiletAgain/VotV/Content/objects/components/comp_nametag.uexp" 890
"E:/Projects/votv-mod-IWant2UseToiletAgain/VotV/Content/objects/misc/arir_translat.uasset" 891
"E:/Projects/votv-mod-IWant2UseToiletAgain/VotV/Content/objects/misc/arir_translat.uexp" 892
"E:/Projects/votv-mod-IWant2UseToiletAgain/VotV/Content/objects/tickers/ticker_yellowWispSpawner.uasset" 893
"E:/Projects/votv-mod-IWant2UseToiletAgain/VotV/Content/objects/tickers/ticker_yellowWispSpawner.uexp" 894
"E:/Projects/votv-mod-IWant2UseToiletAgain/VotV/Content/objects/triggers/trigger_eventt_arirShip.uasset" 895
"E:/Projects/votv-mod-IWant2UseToiletAgain/VotV/Content/objects/triggers/trigger_eventt_arirShip.uexp" 896
"../../../Engine/Content/EngineMaterials/OrientParticle.uasset" 897
"../../../Engine/Content/EngineMaterials/OrientParticle.uexp" 898
"../../../Engine/Content/EngineMaterials/DefaultParticle.uasset" 899
"../../../Engine/Content/EngineMaterials/DefaultParticle.uexp" 900
"E:/Projects/votv-mod-IWant2UseToiletAgain/VotV/Content/particles/eff_glow_green.uasset" 901
"E:/Projects/votv-mod-IWant2UseToiletAgain/VotV/Content/particles/eff_glow_green.uexp" 902
"E:/Projects/votv-mod-IWant2UseToiletAgain/VotV/Content/particles/eff_glow_red.uasset" 903
"E:/Projects/votv-mod-IWant2UseToiletAgain/VotV/Content/particles/eff_glow_red.uexp" 904
"E:/Projects/votv-mod-IWant2UseToiletAgain/VotV/Content/particles/eff_glow_red_noDepth.uasset" 905
"E:/Projects/votv-mod-IWant2UseToiletAgain/VotV/Content/particles/eff_glow_red_noDepth.uexp" 906
"E:/Projects/votv-mod-IWant2UseToiletAgain/VotV/Content/textures/misc/tex_fakeos.uasset" 907
"E:/Projects/votv-mod-IWant2UseToiletAgain/VotV/Content/textures/misc/tex_fakeos.uexp" 908
"E:/Projects/votv-mod-IWant2UseToiletAgain/VotV/Content/textures/misc/tex_fakeos.ubulk" 909
"E:/Projects/votv-mod-IWant2UseToiletAgain/VotV/Content/textures/singals/test_highQuality.uasset" 910
"E:/Projects/votv-mod-IWant2UseToiletAgain/VotV/Content/textures/singals/test_highQuality.uexp" 911
"E:/Projects/votv-mod-IWant2UseToiletAgain/VotV/Content/textures/singals/test_highQualityNoise.uasset" 912
"E:/Projects/votv-mod-IWant2UseToiletAgain/VotV/Content/textures/singals/test_highQualityNoise.uexp" 913
"E:/Projects/votv-mod-IWant2UseToiletAgain/VotV/Content/textures/singals/test_lowQualityNoise.uasset" 914
"E:/Projects/votv-mod-IWant2UseToiletAgain/VotV/Content/textures/singals/test_lowQualityNoise.uexp" 915
"E:/Projects/votv-mod-IWant2UseToiletAgain/VotV/Content/textures/singals/test_rawLowQualityNoise.uasset" 916
"E:/Projects/votv-mod-IWant2UseToiletAgain/VotV/Content/textures/singals/test_rawLowQualityNoise.uexp" 917
"E:/Projects/votv-mod-IWant2UseToiletAgain/VotV/Content/umg/umg_signalDownload.uasset" 918
"E:/Projects/votv-mod-IWant2UseToiletAgain/VotV/Content/umg/umg_signalDownload.uexp" 919
"E:/Projects/votv-mod-IWant2UseToiletAgain/VotV/Content/umg/UI/umg_credits.uasset" 920
"E:/Projects/votv-mod-IWant2UseToiletAgain/VotV/Content/umg/UI/umg_credits.uexp" 921
"../../../Engine/Content/ArtTools/RenderToTexture/Meshes/S_1_Unit_Plane.uasset" 922
"../../../Engine/Content/ArtTools/RenderToTexture/Meshes/S_1_Unit_Plane.uexp" 923
"../../../Engine/Content/EngineMaterials/DefaultMaterial.uasset" 924
"../../../Engine/Content/EngineMaterials/DefaultMaterial.uexp" 925
"../../../Engine/Content/BasicShapes/Cone.uasset" 926
"../../../Engine/Content/BasicShapes/Cone.uexp" 927
"../../../Engine/Content/BasicShapes/Sphere.uasset" 928
"../../../Engine/Content/BasicShapes/Sphere.uexp" 929
"../../../Engine/Content/EditorLandscapeResources/DataLayer.uasset" 930
"../../../Engine/Content/EditorLandscapeResources/DataLayer.uexp" 931
"../../../Engine/Content/EditorLandscapeResources/DefaultAlphaTexture.uasset" 932
"../../../Engine/Content/EditorLandscapeResources/DefaultAlphaTexture.uexp" 933
"../../../Engine/Content/EditorMaterials/MAT_Groups_Toggle.uasset" 934
"../../../Engine/Content/EditorMaterials/MAT_Groups_Toggle.uexp" 935
"../../../Engine/Content/EditorMaterials/MAT_Groups_Visibility.uasset" 936
"../../../Engine/Content/EditorMaterials/MAT_Groups_Visibility.uexp" 937
"../../../Engine/Content/EditorMaterials/PreviewShadowIndicator.uasset" 938
"../../../Engine/Content/EditorMaterials/PreviewShadowIndicator.uexp" 939
"../../../Engine/Content/EditorMaterials/PreviewShadowIndicator.ubulk" 940
"../../../Engine/Content/EditorMaterials/PreviewShadowIndicatorMaterial.uasset" 941
"../../../Engine/Content/EditorMaterials/PreviewShadowIndicatorMaterial.uexp" 942
"../../../Engine/Content/EditorMaterials/MatineeGroups/MAT_ColorTrack.uasset" 943
"../../../Engine/Content/EditorMaterials/MatineeGroups/MAT_ColorTrack.uexp" 944
"../../../Engine/Content/EditorMaterials/MatineeGroups/MAT_Groups_Anim.uasset" 945
"../../../Engine/Content/EditorMaterials/MatineeGroups/MAT_Groups_Anim.uexp" 946
"../../../Engine/Content/EditorMaterials/MatineeGroups/MAT_Groups_AudioMaster.uasset" 947
"../../../Engine/Content/EditorMaterials/MatineeGroups/MAT_Groups_AudioMaster.uexp" 948
"../../../Engine/Content/EditorMaterials/MatineeGroups/MAT_Groups_Director.uasset" 949
"../../../Engine/Content/EditorMaterials/MatineeGroups/MAT_Groups_Director.uexp" 950
"../../../Engine/Content/EditorMaterials/MatineeGroups/MAT_Groups_Event.uasset" 951
"../../../Engine/Content/EditorMaterials/MatineeGroups/MAT_Groups_Event.uexp" 952
"../../../Engine/Content/EditorMaterials/MatineeGroups/MAT_Groups_Fade.uasset" 953
"../../../Engine/Content/EditorMaterials/MatineeGroups/MAT_Groups_Fade.uexp" 954
"../../../Engine/Content/EditorMaterials/MatineeGroups/MAT_Groups_Float.uasset" 955
"../../../Engine/Content/EditorMaterials/MatineeGroups/MAT_Groups_Float.uexp" 956
"../../../Engine/Content/EditorMaterials/MatineeGroups/MAT_Groups_Move.uasset" 957
"../../../Engine/Content/EditorMaterials/MatineeGroups/MAT_Groups_Move.uexp" 958
"../../../Engine/Content/EditorMaterials/MatineeGroups/MAT_Groups_Slomo.uasset" 959
"../../../Engine/Content/EditorMaterials/MatineeGroups/MAT_Groups_Slomo.uexp" 960
"../../../Engine/Content/EditorMaterials/MatineeGroups/MAT_Groups_Sound.uasset" 961
"../../../Engine/Content/EditorMaterials/MatineeGroups/MAT_Groups_Sound.uexp" 962
"../../../Engine/Content/EditorMaterials/MatineeGroups/MAT_Groups_Vector.uasset" 963
"../../../Engine/Content/EditorMaterials/MatineeGroups/MAT_Groups_Vector.uexp" 964
"../../../Engine/Content/EditorMaterials/ParticleSystems/PSysThumbnail_NoImage.uasset" 965
"../../../Engine/Content/EditorMaterials/ParticleSystems/PSysThumbnail_NoImage.uexp" 966
"../../../Engine/Content/EditorMaterials/ParticleSystems/PSysThumbnail_NoImage.ubulk" 967
"../../../Engine/Content/EditorMaterials/ParticleSystems/PSysThumbnail_OOD.uasset" 968
"../../../Engine/Content/EditorMaterials/ParticleSystems/PSysThumbnail_OOD.uexp" 969
"../../../Engine/Content/EditorMaterials/ParticleSystems/PSysThumbnail_OOD.ubulk" 970
"../../../Engine/Content/EditorMaterials/Camera/CineMat.uasset" 971
"../../../Engine/Content/EditorMaterials/Camera/CineMat.uexp" 972
"../../../Engine/Content/EditorMaterials/Camera/MI_CineMat_Rig.uasset" 973
"../../../Engine/Content/EditorMaterials/Camera/MI_CineMat_Rig.uexp" 974
"../../../Engine/Content/EditorMeshes/Camera/SM_CraneRig_Arm.uasset" 975
"../../../Engine/Content/EditorMeshes/Camera/SM_CraneRig_Arm.uexp" 976
"../../../Engine/Content/EditorMeshes/Camera/SM_CraneRig_Base.uasset" 977
"../../../Engine/Content/EditorMeshes/Camera/SM_CraneRig_Base.uexp" 978
"../../../Engine/Content/EditorMeshes/Camera/SM_CraneRig_Body.uasset" 979
"../../../Engine/Content/EditorMeshes/Camera/SM_CraneRig_Body.uexp" 980
"../../../Engine/Content/EditorMeshes/Camera/SM_CraneRig_Mount.uasset" 981
"../../../Engine/Content/EditorMeshes/Camera/SM_CraneRig_Mount.uexp" 982
"../../../Engine/Content/EditorMeshes/Camera/SM_RailRig_Mount.uasset" 983
"../../../Engine/Content/EditorMeshes/Camera/SM_RailRig_Mount.uexp" 984
"../../../Engine/Content/EditorMeshes/Camera/SM_RailRig_Track.uasset" 985
"../../../Engine/Content/EditorMeshes/Camera/SM_RailRig_Track.uexp" 986
"../../../Engine/Content/EditorResources/BSPVertex.uasset" 987
"../../../Engine/Content/EditorResources/BSPVertex.uexp" 988
"../../../Engine/Content/EditorResources/EmptyActor.uasset" 989
"../../../Engine/Content/EditorResources/EmptyActor.uexp" 990
"../../../Engine/Content/EditorResources/S_Actor.uasset" 991
"../../../Engine/Content/EditorResources/S_Actor.uexp" 992
"../../../Engine/Content/EditorResources/S_Actor.ubulk" 993
"../../../Engine/Content/EditorResources/S_Note.uasset" 994
"../../../Engine/Content/EditorResources/S_Note.uexp" 995
"../../../Engine/Content/EditorResources/S_Note.ubulk" 996
"../../../Engine/Content/EditorResources/S_Solver.uasset" 997
"../../../Engine/Content/EditorResources/S_Solver.uexp" 998
"../../../Engine/Content/EditorResources/S_Solver.ubulk" 999
"../../../Engine/Content/EditorResources/S_Terrain.uasset" 1000
"../../../Engine/Content/EditorResources/S_Terrain.uexp" 1001
"../../../Engine/Content/EditorResources/S_Terrain.ubulk" 1002
"../../../Engine/Content/EditorResources/S_Trigger.uasset" 1003
"../../../Engine/Content/EditorResources/S_Trigger.uexp" 1004
"../../../Engine/Content/EditorResources/S_Trigger.ubulk" 1005
"../../../Engine/Content/EditorResources/LightIcons/S_LightError.uasset" 1006
"../../../Engine/Content/EditorResources/LightIcons/S_LightError.uexp" 1007
"../../../Engine/Content/EditorResources/SequenceRecorder/Countdown.uasset" 1008
"../../../Engine/Content/EditorResources/SequenceRecorder/Countdown.uexp" 1009
"../../../Engine/Content/EditorResources/SequenceRecorder/RecordingIndicator.uasset" 1010
"../../../Engine/Content/EditorResources/SequenceRecorder/RecordingIndicator.uexp" 1011
"../../../Engine/Content/EngineDamageTypes/DmgTypeBP_Environmental.uasset" 1012
"../../../Engine/Content/EngineDamageTypes/DmgTypeBP_Environmental.uexp" 1013
"../../../Engine/Content/EngineDebugMaterials/DebugEditorMaterial.uasset" 1014
"../../../Engine/Content/EngineDebugMaterials/DebugEditorMaterial.uexp" 1015
"../../../Engine/Content/EngineDebugMaterials/DebugMeshMaterial.uasset" 1016
"../../../Engine/Content/EngineDebugMaterials/DebugMeshMaterial.uexp" 1017
"../../../Engine/Content/EngineDebugMaterials/M_SimpleUnlitTranslucent.uasset" 1018
"../../../Engine/Content/EngineDebugMaterials/M_SimpleUnlitTranslucent.uexp" 1019
"../../../Engine/Content/EngineDebugMaterials/VolumeToRender.uasset" 1020
"../../../Engine/Content/EngineDebugMaterials/VolumeToRender.uexp" 1021
"../../../Engine/Content/Functions/Engine_MaterialFunctions02/Utility/CameraDirectionVector.uasset" 1022
"../../../Engine/Content/Functions/Engine_MaterialFunctions02/Utility/CameraDirectionVector.uexp" 1023
"../../../Engine/Content/EngineDebugMaterials/M_VolumeRenderSphereTracePP.uasset" 1024
"../../../Engine/Content/EngineDebugMaterials/M_VolumeRenderSphereTracePP.uexp" 1025
"../../../Engine/Content/Functions/Engine_MaterialFunctions01/Shading/ConvertFromDiffSpec.uasset" 1026
"../../../Engine/Content/Functions/Engine_MaterialFunctions01/Shading/ConvertFromDiffSpec.uexp" 1027
"../../../Engine/Content/EngineDebugMaterials/VertexColorMaterial.uasset" 1028
"../../../Engine/Content/EngineDebugMaterials/VertexColorMaterial.uexp" 1029
"../../../Engine/Content/EngineDebugMaterials/WireframeMaterial.uasset" 1030
"../../../Engine/Content/EngineDebugMaterials/WireframeMaterial.uexp" 1031
"../../../Engine/Content/EngineFonts/Faces/RobotoRegular.uasset" 1032
"../../../Engine/Content/EngineFonts/Faces/RobotoRegular.uexp" 1033
"../../../Engine/Content/EngineFonts/Faces/RobotoRegular.ufont" 1034
"../../../Engine/Content/EngineFonts/Faces/RobotoLight.uasset" 1035
"../../../Engine/Content/EngineFonts/Faces/RobotoLight.uexp" 1036
"../../../Engine/Content/EngineFonts/Faces/RobotoLight.ufont" 1037
"../../../Engine/Content/EngineFonts/Faces/RobotoItalic.uasset" 1038
"../../../Engine/Content/EngineFonts/Faces/RobotoItalic.uexp" 1039
"../../../Engine/Content/EngineFonts/Faces/RobotoItalic.ufont" 1040
"../../../Engine/Content/EngineFonts/Faces/RobotoBoldItalic.uasset" 1041
"../../../Engine/Content/EngineFonts/Faces/RobotoBoldItalic.uexp" 1042
"../../../Engine/Content/EngineFonts/Faces/RobotoBoldItalic.ufont" 1043
"../../../Engine/Content/EngineFonts/Faces/RobotoBold.uasset" 1044
"../../../Engine/Content/EngineFonts/Faces/RobotoBold.uexp" 1045
"../../../Engine/Content/EngineFonts/Faces/RobotoBold.ufont" 1046
"../../../Engine/Content/EngineFonts/Faces/DroidSansFallback.uasset" 1047
"../../../Engine/Content/EngineFonts/Faces/DroidSansFallback.uexp" 1048
"../../../Engine/Content/EngineFonts/Faces/DroidSansFallback.ufont" 1049
"../../../Engine/Content/EngineFonts/Roboto.uasset" 1050
"../../../Engine/Content/EngineFonts/Roboto.uexp" 1051
"../../../Engine/Content/EngineMaterials/BaseFlattenNormalMap.uasset" 1052
"../../../Engine/Content/EngineMaterials/BaseFlattenNormalMap.uexp" 1053
"../../../Engine/Content/EngineMaterials/BaseFlattenGrayscaleMap.uasset" 1054
"../../../Engine/Content/EngineMaterials/BaseFlattenGrayscaleMap.uexp" 1055
"../../../Engine/Content/EngineMaterials/BaseFlattenEmissiveMap.uasset" 1056
"../../../Engine/Content/EngineMaterials/BaseFlattenEmissiveMap.uexp" 1057
"../../../Engine/Content/EngineMaterials/BaseFlattenDiffuseMap.uasset" 1058
"../../../Engine/Content/EngineMaterials/BaseFlattenDiffuseMap.uexp" 1059
"../../../Engine/Content/EngineMaterials/BaseFlattenMaterial.uasset" 1060
"../../../Engine/Content/EngineMaterials/BaseFlattenMaterial.uexp" 1061
"../../../Engine/Content/EngineMaterials/BlueNoise.uasset" 1062
"../../../Engine/Content/EngineMaterials/BlueNoise.uexp" 1063
"../../../Engine/Content/EngineMaterials/DefaultBloomKernel.uasset" 1064
"../../../Engine/Content/EngineMaterials/DefaultBloomKernel.uexp" 1065
"../../../Engine/Content/EngineMaterials/DefaultBokeh.uasset" 1066
"../../../Engine/Content/EngineMaterials/DefaultBokeh.uexp" 1067
"../../../Engine/Content/EngineMaterials/DefaultDiffuse.uasset" 1068
"../../../Engine/Content/EngineMaterials/DefaultDiffuse.uexp" 1069
"../../../Engine/Content/EngineMaterials/DefaultDiffuse.ubulk" 1070
"../../../Engine/Content/EngineMaterials/DefaultDeferredDecalMaterial.uasset" 1071
"../../../Engine/Content/EngineMaterials/DefaultDeferredDecalMaterial.uexp" 1072
"../../../Engine/Content/EngineMaterials/DefaultLightFunctionMaterial.uasset" 1073
"../../../Engine/Content/EngineMaterials/DefaultLightFunctionMaterial.uexp" 1074
"../../../Engine/Content/EngineMaterials/DefaultPhysicalMaterial.uasset" 1075
"../../../Engine/Content/EngineMaterials/DefaultPhysicalMaterial.uexp" 1076
"../../../Engine/Content/Functions/Engine_MaterialFunctions02/Utility/BreakOutFloat2Components.uasset" 1077
"../../../Engine/Content/Functions/Engine_MaterialFunctions02/Utility/BreakOutFloat2Components.uexp" 1078
"../../../Engine/Content/EngineMaterials/DefaultPostProcessMaterial.uasset" 1079
"../../../Engine/Content/EngineMaterials/DefaultPostProcessMaterial.uexp" 1080
"../../../Engine/Content/EngineFonts/RobotoDistanceField.uasset" 1081
"../../../Engine/Content/EngineFonts/RobotoDistanceField.uexp" 1082
"../../../Engine/Content/EngineMaterials/DefaultTextMaterialOpaque.uasset" 1083
"../../../Engine/Content/EngineMaterials/DefaultTextMaterialOpaque.uexp" 1084
"../../../Engine/Content/EngineMaterials/DefaultWhiteGrid.uasset" 1085
"../../../Engine/Content/EngineMaterials/DefaultWhiteGrid.uexp" 1086
"../../../Engine/Content/EngineMaterials/DefaultWhiteGrid.ubulk" 1087
"../../../Engine/Content/EngineMaterials/DefaultWhiteGrid_Low.uasset" 1088
"../../../Engine/Content/EngineMaterials/DefaultWhiteGrid_Low.uexp" 1089
"../../../Engine/Content/EngineMaterials/EmissiveMeshMaterial.uasset" 1090
"../../../Engine/Content/EngineMaterials/EmissiveMeshMaterial.uexp" 1091
"../../../Engine/Content/EngineMaterials/GizmoMaterial.uasset" 1092
"../../../Engine/Content/EngineMaterials/GizmoMaterial.uexp" 1093
"../../../Engine/Content/EngineMaterials/Good64x64TilingNoiseHighFreq.uasset" 1094
"../../../Engine/Content/EngineMaterials/Good64x64TilingNoiseHighFreq.uexp" 1095
"../../../Engine/Content/EngineMaterials/MiniFont.uasset" 1096
"../../../Engine/Content/EngineMaterials/MiniFont.uexp" 1097
"../../../Engine/Content/EngineMaterials/InvalidLightmapSettings.uasset" 1098
"../../../Engine/Content/EngineMaterials/InvalidLightmapSettings.uexp" 1099
"../../../Engine/Content/EngineMaterials/InvalidLightmapSettings.ubulk" 1100
"../../../Engine/Content/EngineMaterials/M_InvalidLightmapSettings.uasset" 1101
"../../../Engine/Content/EngineMaterials/M_InvalidLightmapSettings.uexp" 1102
"../../../Engine/Content/Functions/Engine_MaterialFunctions02/WorldPositionOffset/CameraOffset.uasset" 1103
"../../../Engine/Content/Functions/Engine_MaterialFunctions02/WorldPositionOffset/CameraOffset.uexp" 1104
"../../../Engine/Content/EngineMaterials/PhAT_JointLimitMaterial.uasset" 1105
"../../../Engine/Content/EngineMaterials/PhAT_JointLimitMaterial.uexp" 1106
"../../../Engine/Content/EngineMaterials/DefaultCalibrationColor.uasset" 1107
"../../../Engine/Content/EngineMaterials/DefaultCalibrationColor.uexp" 1108
"../../../Engine/Content/EngineMaterials/PPM_DefaultCalibrationColor.uasset" 1109
"../../../Engine/Content/EngineMaterials/PPM_DefaultCalibrationColor.uexp" 1110
"../../../Engine/Content/EngineMaterials/DefaultCalibrationGrayscale.uasset" 1111
"../../../Engine/Content/EngineMaterials/DefaultCalibrationGrayscale.uexp" 1112
"../../../Engine/Content/EngineMaterials/PPM_DefaultCalibrationGrayscale.uasset" 1113
"../../../Engine/Content/EngineMaterials/PPM_DefaultCalibrationGrayscale.uexp" 1114
"../../../Engine/Content/EngineMaterials/PreintegratedSkinBRDF.uasset" 1115
"../../../Engine/Content/EngineMaterials/PreintegratedSkinBRDF.uexp" 1116
"../../../Engine/Content/EngineMaterials/RemoveSurfaceMaterial.uasset" 1117
"../../../Engine/Content/EngineMaterials/RemoveSurfaceMaterial.uexp" 1118
"../../../Engine/Content/EngineMaterials/WeightMapPlaceholderTexture.uasset" 1119
"../../../Engine/Content/EngineMaterials/WeightMapPlaceholderTexture.uexp" 1120
"../../../Engine/Content/EngineResources/WhiteSquareTexture.uasset" 1121
"../../../Engine/Content/EngineResources/WhiteSquareTexture.uexp" 1122
"../../../Engine/Content/EngineMaterials/Widget3DPassThrough.uasset" 1123
"../../../Engine/Content/EngineMaterials/Widget3DPassThrough.uexp" 1124
"../../../Engine/Content/EngineMaterials/Widget3DPassThrough_Masked.uasset" 1125
"../../../Engine/Content/EngineMaterials/Widget3DPassThrough_Masked.uexp" 1126
"../../../Engine/Content/EngineMaterials/Widget3DPassThrough_Opaque.uasset" 1127
"../../../Engine/Content/EngineMaterials/Widget3DPassThrough_Opaque.uexp" 1128
"../../../Engine/Content/EngineMaterials/Widget3DPassThrough_Masked_OneSided.uasset" 1129
"../../../Engine/Content/EngineMaterials/Widget3DPassThrough_Masked_OneSided.uexp" 1130
"../../../Engine/Content/EngineMaterials/Widget3DPassThrough_Opaque_OneSided.uasset" 1131
"../../../Engine/Content/EngineMaterials/Widget3DPassThrough_Opaque_OneSided.uexp" 1132
"../../../Engine/Content/EngineMaterials/Widget3DPassThrough_Translucent.uasset" 1133
"../../../Engine/Content/EngineMaterials/Widget3DPassThrough_Translucent.uexp" 1134
"../../../Engine/Content/EngineMaterials/Widget3DPassThrough_Translucent_OneSided.uasset" 1135
"../../../Engine/Content/EngineMaterials/Widget3DPassThrough_Translucent_OneSided.uexp" 1136
"../../../Engine/Content/EngineMeshes/Cylinder.uasset" 1137
"../../../Engine/Content/EngineMeshes/Cylinder.uexp" 1138
"../../../Engine/Content/EngineMeshes/Sphere.uasset" 1139
"../../../Engine/Content/EngineMeshes/Sphere.uexp" 1140
"../../../Engine/Content/EngineResources/DefaultTextureCube.uasset" 1141
"../../../Engine/Content/EngineResources/DefaultTextureCube.uexp" 1142
"../../../Engine/Content/EngineResources/DefaultVolumeTexture2D.uasset" 1143
"../../../Engine/Content/EngineResources/DefaultVolumeTexture2D.uexp" 1144
"../../../Engine/Content/EngineResources/DefaultVolumeTexture.uasset" 1145
"../../../Engine/Content/EngineResources/DefaultVolumeTexture.uexp" 1146
"../../../Engine/Content/EngineResources/GradientTexture0.uasset" 1147
"../../../Engine/Content/EngineResources/GradientTexture0.uexp" 1148
"../../../Engine/Content/EngineSky/VolumetricClouds/T_NoiseShape64.uasset" 1149
"../../../Engine/Content/EngineSky/VolumetricClouds/T_NoiseShape64.uexp" 1150
"../../../Engine/Content/EngineSky/VolumetricClouds/T_NoiseShape64.ubulk" 1151
"../../../Engine/Content/EngineSky/VolumetricClouds/T_VolumeNoiseShape64.uasset" 1152
"../../../Engine/Content/EngineSky/VolumetricClouds/T_VolumeNoiseShape64.uexp" 1153
"../../../Engine/Content/EngineSky/VolumetricClouds/T_NoiseErosion.uasset" 1154
"../../../Engine/Content/EngineSky/VolumetricClouds/T_NoiseErosion.uexp" 1155
"../../../Engine/Content/EngineSky/VolumetricClouds/T_NoiseErosion.ubulk" 1156
"../../../Engine/Content/EngineSky/VolumetricClouds/T_VolumeNoiseErosion32.uasset" 1157
"../../../Engine/Content/EngineSky/VolumetricClouds/T_VolumeNoiseErosion32.uexp" 1158
"../../../Engine/Content/EngineSky/VolumetricClouds/CloudWeatherTexture.uasset" 1159
"../../../Engine/Content/EngineSky/VolumetricClouds/CloudWeatherTexture.uexp" 1160
"../../../Engine/Content/EngineSky/VolumetricClouds/CloudGradientTexture.uasset" 1161
"../../../Engine/Content/EngineSky/VolumetricClouds/CloudGradientTexture.uexp" 1162
"../../../Engine/Content/Functions/Engine_MaterialFunctions02/Utility/MakeFloat2.uasset" 1163
"../../../Engine/Content/Functions/Engine_MaterialFunctions02/Utility/MakeFloat2.uexp" 1164
"../../../Engine/Content/EngineSky/VolumetricClouds/m_SimpleVolumetricCloud.uasset" 1165
"../../../Engine/Content/EngineSky/VolumetricClouds/m_SimpleVolumetricCloud.uexp" 1166
"../../../Engine/Content/EngineSky/VolumetricClouds/m_SimpleVolumetricCloud_Inst.uasset" 1167
"../../../Engine/Content/EngineSky/VolumetricClouds/m_SimpleVolumetricCloud_Inst.uexp" 1168
"../../../Engine/Content/EngineSounds/Master.uasset" 1169
"../../../Engine/Content/EngineSounds/Master.uexp" 1170
"../../../Engine/Content/Functions/Engine_MaterialFunctions01/Shading/PowerToRoughness.uasset" 1171
"../../../Engine/Content/Functions/Engine_MaterialFunctions01/Shading/PowerToRoughness.uexp" 1172
"../../../Engine/Content/Maps/Templates/Thumbnails/Default.uasset" 1173
"../../../Engine/Content/Maps/Templates/Thumbnails/Default.uexp" 1174
"../../../Engine/Content/Maps/Templates/Thumbnails/TimeOfDay.uasset" 1175
"../../../Engine/Content/Maps/Templates/Thumbnails/TimeOfDay.uexp" 1176
"../../../Engine/Content/Maps/Templates/Thumbnails/VR-Basic.uasset" 1177
"../../../Engine/Content/Maps/Templates/Thumbnails/VR-Basic.uexp" 1178
"../../../Engine/Content/MobileResources/T_MobileControls_texture.uasset" 1179
"../../../Engine/Content/MobileResources/T_MobileControls_texture.uexp" 1180
"../../../Engine/Content/MobileResources/T_MobileMenu2.uasset" 1181
"../../../Engine/Content/MobileResources/T_MobileMenu2.uexp" 1182
"../../../Engine/Content/MobileResources/HUD/AnalogHat.uasset" 1183
"../../../Engine/Content/MobileResources/HUD/AnalogHat.uexp" 1184
"../../../Engine/Content/MobileResources/HUD/VirtualJoystick_Thumb.uasset" 1185
"../../../Engine/Content/MobileResources/HUD/VirtualJoystick_Thumb.uexp" 1186
"../../../Engine/Content/MobileResources/HUD/VirtualJoystick_Background.uasset" 1187
"../../../Engine/Content/MobileResources/HUD/VirtualJoystick_Background.uexp" 1188
"../../../Engine/Content/MobileResources/HUD/DefaultVirtualJoysticks.uasset" 1189
"../../../Engine/Content/MobileResources/HUD/DefaultVirtualJoysticks.uexp" 1190
"../../../Engine/Content/MobileResources/HUD/LeftVirtualJoystickOnly.uasset" 1191
"../../../Engine/Content/MobileResources/HUD/LeftVirtualJoystickOnly.uexp" 1192
"../../../Engine/Content/MobileResources/HUD/MobileHUDButton1_off.uasset" 1193
"../../../Engine/Content/MobileResources/HUD/MobileHUDButton1_off.uexp" 1194
"../../../Engine/Content/MobileResources/HUD/MobileHUDButton1_on.uasset" 1195
"../../../Engine/Content/MobileResources/HUD/MobileHUDButton1_on.uexp" 1196
"../../../Engine/Content/MobileResources/HUD/MobileHUDButton2_off.uasset" 1197
"../../../Engine/Content/MobileResources/HUD/MobileHUDButton2_off.uexp" 1198
"../../../Engine/Content/MobileResources/HUD/MobileHUDButton2_on.uasset" 1199
"../../../Engine/Content/MobileResources/HUD/MobileHUDButton2_on.uexp" 1200
"../../../Engine/Content/MobileResources/HUD/MobileHUDButton3.uasset" 1201
"../../../Engine/Content/MobileResources/HUD/MobileHUDButton3.uexp" 1202
"../../../Engine/Content/MobileResources/HUD/MobileHUDButtonFire.uasset" 1203
"../../../Engine/Content/MobileResources/HUD/MobileHUDButtonFire.uexp" 1204
"../../../Engine/Content/MobileResources/HUD/MobileHUDDirectionPad.uasset" 1205
"../../../Engine/Content/MobileResources/HUD/MobileHUDDirectionPad.uexp" 1206
"../../../Engine/Content/MobileResources/HUD/MobileHUDDirectionPad2.uasset" 1207
"../../../Engine/Content/MobileResources/HUD/MobileHUDDirectionPad2.uexp" 1208
"../../../Engine/Content/MobileResources/HUD/MobileHUDDirectionPad3.uasset" 1209
"../../../Engine/Content/MobileResources/HUD/MobileHUDDirectionPad3.uexp" 1210
"../../../Engine/Content/MobileResources/HUD/MobileHUDDirectionStick.uasset" 1211
"../../../Engine/Content/MobileResources/HUD/MobileHUDDirectionStick.uexp" 1212
"../../../Engine/Content/MobileResources/HUD/T_Castle_ThumbstickInner.uasset" 1213
"../../../Engine/Content/MobileResources/HUD/T_Castle_ThumbstickInner.uexp" 1214
"../../../Engine/Content/MobileResources/HUD/T_Castle_ThumbstickOutter.uasset" 1215
"../../../Engine/Content/MobileResources/HUD/T_Castle_ThumbstickOutter.uexp" 1216
"../../../Engine/Content/Tutorial/ContentIntroCurve.uasset" 1217
"../../../Engine/Content/Tutorial/ContentIntroCurve.uexp" 1218
"../../../Engine/Content/Tutorial/Basics/TutorialAssets/icon_tab_Levels_40x.uasset" 1219
"../../../Engine/Content/Tutorial/Basics/TutorialAssets/icon_tab_Levels_40x.uexp" 1220
"../../../Engine/Content/Tutorial/BlueprintTutorials/TutorialAssets/Blueprint_64x.uasset" 1221
"../../../Engine/Content/Tutorial/BlueprintTutorials/TutorialAssets/Blueprint_64x.uexp" 1222
"../../../Engine/Content/VREditor/TransformGizmo/TranslucentTransformGizmoMaterial.uasset" 1223
"../../../Engine/Content/VREditor/TransformGizmo/TranslucentTransformGizmoMaterial.uexp" 1224
"../../../Engine/Content/VREditor/LaserPointer/VR_LaserPower_01.uasset" 1225
"../../../Engine/Content/VREditor/LaserPointer/VR_LaserPower_01.uexp" 1226
"../../../Engine/Content/VREditor/LaserPointer/VR_LaserPower_01.ubulk" 1227
"../../../Engine/Content/VREditor/TransformGizmo/TransformGizmoMaterial.uasset" 1228
"../../../Engine/Content/VREditor/TransformGizmo/TransformGizmoMaterial.uexp" 1229
"../../../Engine/Content/VREditor/TransformGizmo/BoundingBoxCorner.uasset" 1230
"../../../Engine/Content/VREditor/TransformGizmo/BoundingBoxCorner.uexp" 1231
"../../../Engine/Content/VREditor/TransformGizmo/BoundingBoxEdge.uasset" 1232
"../../../Engine/Content/VREditor/TransformGizmo/BoundingBoxEdge.uexp" 1233
"../../../Engine/Content/VREditor/TransformGizmo/PlaneTranslationHandle.uasset" 1234
"../../../Engine/Content/VREditor/TransformGizmo/PlaneTranslationHandle.uexp" 1235
"../../../Engine/Content/VREditor/TransformGizmo/Xray.uasset" 1236
"../../../Engine/Content/VREditor/TransformGizmo/Xray.uexp" 1237
"../../../Engine/Content/VREditor/TransformGizmo/Main.uasset" 1238
"../../../Engine/Content/VREditor/TransformGizmo/Main.uexp" 1239
"../../../Engine/Content/VREditor/TransformGizmo/SM_Sequencer_Key.uasset" 1240
"../../../Engine/Content/VREditor/TransformGizmo/SM_Sequencer_Key.uexp" 1241
"../../../Engine/Content/VREditor/TransformGizmo/SM_Sequencer_Node.uasset" 1242
"../../../Engine/Content/VREditor/TransformGizmo/SM_Sequencer_Node.uexp" 1243
"../../../Engine/Plugins/2D/Paper2D/Content/PlaceholderTextures/DummySpriteTexture.uasset" 1244
"../../../Engine/Plugins/2D/Paper2D/Content/PlaceholderTextures/DummySpriteTexture.uexp" 1245
"../../../Engine/Plugins/2D/Paper2D/Content/PlaceholderTextures/DummySpriteTexture.ubulk" 1246
"../../../Engine/Plugins/2D/Paper2D/Content/DummySprite.uasset" 1247
"../../../Engine/Plugins/2D/Paper2D/Content/DummySprite.uexp" 1248
"../../../Engine/Plugins/2D/Paper2D/Content/DefaultPaperTerrainMaterial.uasset" 1249
"../../../Engine/Plugins/2D/Paper2D/Content/DefaultPaperTerrainMaterial.uexp" 1250
"../../../Engine/Plugins/2D/Paper2D/Content/DefaultSpriteMaterial.uasset" 1251
"../../../Engine/Plugins/2D/Paper2D/Content/DefaultSpriteMaterial.uexp" 1252
"../../../Engine/Plugins/2D/Paper2D/Content/MaskedUnlitSpriteMaterial.uasset" 1253
"../../../Engine/Plugins/2D/Paper2D/Content/MaskedUnlitSpriteMaterial.uexp" 1254
"../../../Engine/Plugins/2D/Paper2D/Content/OpaqueUnlitSpriteMaterial.uasset" 1255
"../../../Engine/Plugins/2D/Paper2D/Content/OpaqueUnlitSpriteMaterial.uexp" 1256
"../../../Engine/Content/Functions/Engine_MaterialFunctions02/Utility/BreakOutFloat3Components.uasset" 1257
"../../../Engine/Content/Functions/Engine_MaterialFunctions02/Utility/BreakOutFloat3Components.uexp" 1258
"../../../Engine/Plugins/Editor/SpeedTreeImporter/Content/SpeedTree9/UnpackInteger3.uasset" 1259
"../../../Engine/Plugins/Editor/SpeedTreeImporter/Content/SpeedTree9/UnpackInteger3.uexp" 1260
"../../../Engine/Plugins/Editor/SpeedTreeImporter/Content/SpeedTree9/UnpackDirection.uasset" 1261
"../../../Engine/Plugins/Editor/SpeedTreeImporter/Content/SpeedTree9/UnpackDirection.uexp" 1262
"../../../Engine/Plugins/Editor/SpeedTreeImporter/Content/SpeedTree9/game_wind_noise.uasset" 1263
"../../../Engine/Plugins/Editor/SpeedTreeImporter/Content/SpeedTree9/game_wind_noise.uexp" 1264
"../../../Engine/Plugins/Editor/SpeedTreeImporter/Content/SpeedTree9/game_wind_noise.ubulk" 1265
"../../../Engine/Content/Functions/Engine_MaterialFunctions02/SafeNormalize.uasset" 1266
"../../../Engine/Content/Functions/Engine_MaterialFunctions02/SafeNormalize.uexp" 1267
"../../../Engine/Plugins/Editor/SpeedTreeImporter/Content/SpeedTree9/SpeedTreeWindMotion.uasset" 1268
"../../../Engine/Plugins/Editor/SpeedTreeImporter/Content/SpeedTree9/SpeedTreeWindMotion.uexp" 1269
"../../../Engine/Plugins/Editor/SpeedTreeImporter/Content/SpeedTree9/SpeedTreeBranchMotion.uasset" 1270
"../../../Engine/Plugins/Editor/SpeedTreeImporter/Content/SpeedTree9/SpeedTreeBranchMotion.uexp" 1271
"../../../Engine/Plugins/Editor/SpeedTreeImporter/Content/SpeedTree9/SpeedTreeBillboard.uasset" 1272
"../../../Engine/Plugins/Editor/SpeedTreeImporter/Content/SpeedTree9/SpeedTreeBillboard.uexp" 1273
"../../../Engine/Plugins/Editor/SpeedTreeImporter/Content/SpeedTree9/EmptyNormal.uasset" 1274
"../../../Engine/Plugins/Editor/SpeedTreeImporter/Content/SpeedTree9/EmptyNormal.uexp" 1275
"../../../Engine/Plugins/Editor/SpeedTreeImporter/Content/SpeedTree9/Empty.uasset" 1276
"../../../Engine/Plugins/Editor/SpeedTreeImporter/Content/SpeedTree9/Empty.uexp" 1277
"../../../Engine/Content/Functions/Engine_MaterialFunctions02/ObjectLocalBounds.uasset" 1278
"../../../Engine/Content/Functions/Engine_MaterialFunctions02/ObjectLocalBounds.uexp" 1279
"../../../Engine/Content/Functions/Engine_MaterialFunctions02/UVs/BoundingBoxBased_0-1_UVW.uasset" 1280
"../../../Engine/Content/Functions/Engine_MaterialFunctions02/UVs/BoundingBoxBased_0-1_UVW.uexp" 1281
"../../../Engine/Content/Functions/Engine_MaterialFunctions02/Utility/VectorLength.uasset" 1282
"../../../Engine/Content/Functions/Engine_MaterialFunctions02/Utility/VectorLength.uexp" 1283
"../../../Engine/Content/Functions/Engine_MaterialFunctions02/WorldPositionOffset/ObjectScale.uasset" 1284
"../../../Engine/Content/Functions/Engine_MaterialFunctions02/WorldPositionOffset/ObjectScale.uexp" 1285
"../../../Engine/Plugins/Editor/SpeedTreeImporter/Content/SpeedTree9/SpeedTreeWind.uasset" 1286
"../../../Engine/Plugins/Editor/SpeedTreeImporter/Content/SpeedTree9/SpeedTreeWind.uexp" 1287
"../../../Engine/Plugins/Editor/SpeedTreeImporter/Content/SpeedTree9/SpeedTreeBillboardMaster.uasset" 1288
"../../../Engine/Plugins/Editor/SpeedTreeImporter/Content/SpeedTree9/SpeedTreeBillboardMaster.uexp" 1289
"../../../Engine/Plugins/Editor/SpeedTreeImporter/Content/SpeedTree9/SpeedTreeCameraFacing.uasset" 1290
"../../../Engine/Plugins/Editor/SpeedTreeImporter/Content/SpeedTree9/SpeedTreeCameraFacing.uexp" 1291
"../../../Engine/Plugins/Editor/SpeedTreeImporter/Content/SpeedTree9/SpeedTreeMaster.uasset" 1292
"../../../Engine/Plugins/Editor/SpeedTreeImporter/Content/SpeedTree9/SpeedTreeMaster.uexp" 1293
"../../../Engine/Content/ArtTools/RenderToTexture/Materials/Debug/M_Emissive_Color.uasset" 1294
"../../../Engine/Content/ArtTools/RenderToTexture/Materials/Debug/M_Emissive_Color.uexp" 1295
"../../../Engine/Content/BasicShapes/Cylinder.uasset" 1296
"../../../Engine/Content/BasicShapes/Cylinder.uexp" 1297
"../../../Engine/Plugins/Lumin/MagicLeapPassableWorld/Content/MagicLeapARPinInfoActor.uasset" 1298
"../../../Engine/Plugins/Lumin/MagicLeapPassableWorld/Content/MagicLeapARPinInfoActor.uexp" 1299
"../../../Engine/Plugins/Runtime/OpenXR/Content/Devices/GoogleDaydream/MRTexture.uasset" 1300
"../../../Engine/Plugins/Runtime/OpenXR/Content/Devices/GoogleDaydream/MRTexture.uexp" 1301
"../../../Engine/Plugins/Runtime/OpenXR/Content/Devices/GoogleDaydream/MRTexture.ubulk" 1302
"../../../Engine/Plugins/Runtime/OpenXR/Content/Devices/GoogleDaydream/BaseTexture.uasset" 1303
"../../../Engine/Plugins/Runtime/OpenXR/Content/Devices/GoogleDaydream/BaseTexture.uexp" 1304
"../../../Engine/Plugins/Runtime/OpenXR/Content/Devices/GoogleDaydream/BaseTexture.ubulk" 1305
"../../../Engine/Content/EngineResources/Black.uasset" 1306
"../../../Engine/Content/EngineResources/Black.uexp" 1307
"../../../Engine/Plugins/Runtime/OpenXR/Content/Devices/M_XRController.uasset" 1308
"../../../Engine/Plugins/Runtime/OpenXR/Content/Devices/M_XRController.uexp" 1309
"../../../Engine/Plugins/Runtime/OpenXR/Content/Devices/GoogleDaydream/MI_GoogleDaydream.uasset" 1310
"../../../Engine/Plugins/Runtime/OpenXR/Content/Devices/GoogleDaydream/MI_GoogleDaydream.uexp" 1311
"../../../Engine/Plugins/Runtime/OpenXR/Content/Devices/GoogleDaydream/GoogleDaydreamController.uasset" 1312
"../../../Engine/Plugins/Runtime/OpenXR/Content/Devices/GoogleDaydream/GoogleDaydreamController.uexp" 1313
"../../../Engine/Plugins/Runtime/OpenXR/Content/Devices/HTCVive/BaseTexture.uasset" 1314
"../../../Engine/Plugins/Runtime/OpenXR/Content/Devices/HTCVive/BaseTexture.uexp" 1315
"../../../Engine/Plugins/Runtime/OpenXR/Content/Devices/HTCVive/BaseTexture.ubulk" 1316
"../../../Engine/Plugins/Runtime/OpenXR/Content/Devices/HTCVive/MI_HTCVive.uasset" 1317
"../../../Engine/Plugins/Runtime/OpenXR/Content/Devices/HTCVive/MI_HTCVive.uexp" 1318
"../../../Engine/Plugins/Runtime/OpenXR/Content/Devices/HTCVive/HTCViveController.uasset" 1319
"../../../Engine/Plugins/Runtime/OpenXR/Content/Devices/HTCVive/HTCViveController.uexp" 1320
"../../../Engine/Plugins/Runtime/OpenXR/Content/Devices/MicrosoftMixedReality/NormalTexture.uasset" 1321
"../../../Engine/Plugins/Runtime/OpenXR/Content/Devices/MicrosoftMixedReality/NormalTexture.uexp" 1322
"../../../Engine/Plugins/Runtime/OpenXR/Content/Devices/MicrosoftMixedReality/NormalTexture.ubulk" 1323
"../../../Engine/Plugins/Runtime/OpenXR/Content/Devices/MicrosoftMixedReality/MRTexture.uasset" 1324
"../../../Engine/Plugins/Runtime/OpenXR/Content/Devices/MicrosoftMixedReality/MRTexture.uexp" 1325
"../../../Engine/Plugins/Runtime/OpenXR/Content/Devices/MicrosoftMixedReality/MRTexture.ubulk" 1326
"../../../Engine/Plugins/Runtime/OpenXR/Content/Devices/MicrosoftMixedReality/EmissiveTexture.uasset" 1327
"../../../Engine/Plugins/Runtime/OpenXR/Content/Devices/MicrosoftMixedReality/EmissiveTexture.uexp" 1328
"../../../Engine/Plugins/Runtime/OpenXR/Content/Devices/MicrosoftMixedReality/EmissiveTexture.ubulk" 1329
"../../../Engine/Plugins/Runtime/OpenXR/Content/Devices/MicrosoftMixedReality/BaseTexture.uasset" 1330
"../../../Engine/Plugins/Runtime/OpenXR/Content/Devices/MicrosoftMixedReality/BaseTexture.uexp" 1331
"../../../Engine/Plugins/Runtime/OpenXR/Content/Devices/MicrosoftMixedReality/BaseTexture.ubulk" 1332
"../../../Engine/Plugins/Runtime/OpenXR/Content/Devices/MicrosoftMixedReality/MI_MicrosoftMixedReality.uasset" 1333
"../../../Engine/Plugins/Runtime/OpenXR/Content/Devices/MicrosoftMixedReality/MI_MicrosoftMixedReality.uexp" 1334
"../../../Engine/Plugins/Runtime/OpenXR/Content/Devices/MicrosoftMixedReality/Left/left_MicrosoftMixedRealityController.uasset" 1335
"../../../Engine/Plugins/Runtime/OpenXR/Content/Devices/MicrosoftMixedReality/Left/left_MicrosoftMixedRealityController.uexp" 1336
"../../../Engine/Plugins/Runtime/OpenXR/Content/Devices/MicrosoftMixedReality/Right/right_MicrosoftMixedRealityController.uasset" 1337
"../../../Engine/Plugins/Runtime/OpenXR/Content/Devices/MicrosoftMixedReality/Right/right_MicrosoftMixedRealityController.uexp" 1338
"../../../Engine/Plugins/Runtime/OpenXR/Content/Devices/OculusGo/BaseTexture.uasset" 1339
"../../../Engine/Plugins/Runtime/OpenXR/Content/Devices/OculusGo/BaseTexture.uexp" 1340
"../../../Engine/Plugins/Runtime/OpenXR/Content/Devices/OculusGo/BaseTexture.ubulk" 1341
"../../../Engine/Plugins/Runtime/OpenXR/Content/Devices/OculusGo/MI_OculusGo.uasset" 1342
"../../../Engine/Plugins/Runtime/OpenXR/Content/Devices/OculusGo/MI_OculusGo.uexp" 1343
"../../../Engine/Plugins/Runtime/OpenXR/Content/Devices/OculusGo/OculusGoController.uasset" 1344
"../../../Engine/Plugins/Runtime/OpenXR/Content/Devices/OculusGo/OculusGoController.uexp" 1345
"../../../Engine/Plugins/Runtime/OpenXR/Content/Devices/OculusTouch/MRTexture.uasset" 1346
"../../../Engine/Plugins/Runtime/OpenXR/Content/Devices/OculusTouch/MRTexture.uexp" 1347
"../../../Engine/Plugins/Runtime/OpenXR/Content/Devices/OculusTouch/MRTexture.ubulk" 1348
"../../../Engine/Plugins/Runtime/OpenXR/Content/Devices/OculusTouch/BaseTexture.uasset" 1349
"../../../Engine/Plugins/Runtime/OpenXR/Content/Devices/OculusTouch/BaseTexture.uexp" 1350
"../../../Engine/Plugins/Runtime/OpenXR/Content/Devices/OculusTouch/BaseTexture.ubulk" 1351
"../../../Engine/Plugins/Runtime/OpenXR/Content/Devices/OculusTouch/MI_OculusTouch.uasset" 1352
"../../../Engine/Plugins/Runtime/OpenXR/Content/Devices/OculusTouch/MI_OculusTouch.uexp" 1353
"../../../Engine/Plugins/Runtime/OpenXR/Content/Devices/OculusTouch/Left/left_OculusTouchController.uasset" 1354
"../../../Engine/Plugins/Runtime/OpenXR/Content/Devices/OculusTouch/Left/left_OculusTouchController.uexp" 1355
"../../../Engine/Plugins/Runtime/OpenXR/Content/Devices/OculusTouch/Right/right_OculusTouchController.uasset" 1356
"../../../Engine/Plugins/Runtime/OpenXR/Content/Devices/OculusTouch/Right/right_OculusTouchController.uexp" 1357
"../../../Engine/Plugins/Runtime/OpenXR/Content/Devices/OculusTouch_v2/MRTexture.uasset" 1358
"../../../Engine/Plugins/Runtime/OpenXR/Content/Devices/OculusTouch_v2/MRTexture.uexp" 1359
"../../../Engine/Plugins/Runtime/OpenXR/Content/Devices/OculusTouch_v2/MRTexture.ubulk" 1360
"../../../Engine/Plugins/Runtime/OpenXR/Content/Devices/OculusTouch_v2/BaseTexture.uasset" 1361
"../../../Engine/Plugins/Runtime/OpenXR/Content/Devices/OculusTouch_v2/BaseTexture.uexp" 1362
"../../../Engine/Plugins/Runtime/OpenXR/Content/Devices/OculusTouch_v2/BaseTexture.ubulk" 1363
"../../../Engine/Plugins/Runtime/OpenXR/Content/Devices/OculusTouch_v2/MI_OculusTouch_v2.uasset" 1364
"../../../Engine/Plugins/Runtime/OpenXR/Content/Devices/OculusTouch_v2/MI_OculusTouch_v2.uexp" 1365
"../../../Engine/Plugins/Runtime/OpenXR/Content/Devices/OculusTouch_v2/Left/left_OculusTouch_v2Controller.uasset" 1366
"../../../Engine/Plugins/Runtime/OpenXR/Content/Devices/OculusTouch_v2/Left/left_OculusTouch_v2Controller.uexp" 1367
"../../../Engine/Plugins/Runtime/OpenXR/Content/Devices/OculusTouch_v2/Right/right_OculusTouch_v2Controller.uasset" 1368
"../../../Engine/Plugins/Runtime/OpenXR/Content/Devices/OculusTouch_v2/Right/right_OculusTouch_v2Controller.uexp" 1369
"../../../Engine/Plugins/Runtime/OpenXR/Content/Devices/OculusTouch_v3/MRTexture.uasset" 1370
"../../../Engine/Plugins/Runtime/OpenXR/Content/Devices/OculusTouch_v3/MRTexture.uexp" 1371
"../../../Engine/Plugins/Runtime/OpenXR/Content/Devices/OculusTouch_v3/MRTexture.ubulk" 1372
"../../../Engine/Plugins/Runtime/OpenXR/Content/Devices/OculusTouch_v3/BaseTexture.uasset" 1373
"../../../Engine/Plugins/Runtime/OpenXR/Content/Devices/OculusTouch_v3/BaseTexture.uexp" 1374
"../../../Engine/Plugins/Runtime/OpenXR/Content/Devices/OculusTouch_v3/BaseTexture.ubulk" 1375
"../../../Engine/Plugins/Runtime/OpenXR/Content/Devices/OculusTouch_v3/MI_OculusTouch_v3.uasset" 1376
"../../../Engine/Plugins/Runtime/OpenXR/Content/Devices/OculusTouch_v3/MI_OculusTouch_v3.uexp" 1377
"../../../Engine/Plugins/Runtime/OpenXR/Content/Devices/OculusTouch_v3/Left/left_OculusTouch_v3Controller.uasset" 1378
"../../../Engine/Plugins/Runtime/OpenXR/Content/Devices/OculusTouch_v3/Left/left_OculusTouch_v3Controller.uexp" 1379
"../../../Engine/Plugins/Runtime/OpenXR/Content/Devices/OculusTouch_v3/Right/right_OculusTouch_v3Controller.uasset" 1380
"../../../Engine/Plugins/Runtime/OpenXR/Content/Devices/OculusTouch_v3/Right/right_OculusTouch_v3Controller.uexp" 1381
"../../../Engine/Plugins/Runtime/OpenXR/Content/Devices/ValveIndex/MRTexture.uasset" 1382
"../../../Engine/Plugins/Runtime/OpenXR/Content/Devices/ValveIndex/MRTexture.uexp" 1383
"../../../Engine/Plugins/Runtime/OpenXR/Content/Devices/ValveIndex/MRTexture.ubulk" 1384
"../../../Engine/Plugins/Runtime/OpenXR/Content/Devices/ValveIndex/BaseTexture.uasset" 1385
"../../../Engine/Plugins/Runtime/OpenXR/Content/Devices/ValveIndex/BaseTexture.uexp" 1386
"../../../Engine/Plugins/Runtime/OpenXR/Content/Devices/ValveIndex/BaseTexture.ubulk" 1387
"../../../Engine/Plugins/Runtime/OpenXR/Content/Devices/ValveIndex/Left/MI_left_ValveIndex.uasset" 1388
"../../../Engine/Plugins/Runtime/OpenXR/Content/Devices/ValveIndex/Left/MI_left_ValveIndex.uexp" 1389
"../../../Engine/Plugins/Runtime/OpenXR/Content/Devices/ValveIndex/Left/left_ValveIndexController.uasset" 1390
"../../../Engine/Plugins/Runtime/OpenXR/Content/Devices/ValveIndex/Left/left_ValveIndexController.uexp" 1391
"../../../Engine/Plugins/Runtime/OpenXR/Content/Devices/ValveIndex/Right/MI_right_ValveIndex.uasset" 1392
"../../../Engine/Plugins/Runtime/OpenXR/Content/Devices/ValveIndex/Right/MI_right_ValveIndex.uexp" 1393
"../../../Engine/Plugins/Runtime/OpenXR/Content/Devices/ValveIndex/Right/right_ValveIndexController.uasset" 1394
"../../../Engine/Plugins/Runtime/OpenXR/Content/Devices/ValveIndex/Right/right_ValveIndexController.uexp" 1395
"../../../Engine/Content/Functions/Engine_MaterialFunctions02/Utility/BreakOutFloat4Components.uasset" 1396
"../../../Engine/Content/Functions/Engine_MaterialFunctions02/Utility/BreakOutFloat4Components.uexp" 1397
"../../../Engine/Content/Functions/Engine_MaterialFunctions02/Utility/MakeFloat3.uasset" 1398
"../../../Engine/Content/Functions/Engine_MaterialFunctions02/Utility/MakeFloat3.uexp" 1399
"../../../Engine/Plugins/Runtime/Oculus/OculusVR/Content/Materials/OculusMR_ChromaKey.uasset" 1400
"../../../Engine/Plugins/Runtime/Oculus/OculusVR/Content/Materials/OculusMR_ChromaKey.uexp" 1401
"../../../Engine/Plugins/Runtime/Oculus/OculusVR/Content/Materials/OculusMR_OpaqueColoredMaterial.uasset" 1402
"../../../Engine/Plugins/Runtime/Oculus/OculusVR/Content/Materials/OculusMR_OpaqueColoredMaterial.uexp" 1403
"../../../Engine/Plugins/Runtime/Oculus/OculusVR/Content/Materials/PokeAHoleMaterial.uasset" 1404
"../../../Engine/Plugins/Runtime/Oculus/OculusVR/Content/Materials/PokeAHoleMaterial.uexp" 1405
"../../../Engine/Plugins/Runtime/Oculus/OculusVR/Content/Textures/touchController_controlmap.uasset" 1406
"../../../Engine/Plugins/Runtime/Oculus/OculusVR/Content/Textures/touchController_controlmap.uexp" 1407
"../../../Engine/Plugins/Runtime/Oculus/OculusVR/Content/Textures/touchController_controlmap.ubulk" 1408
"../../../Engine/Plugins/Runtime/Oculus/OculusVR/Content/Textures/touchController_albedo.uasset" 1409
"../../../Engine/Plugins/Runtime/Oculus/OculusVR/Content/Textures/touchController_albedo.uexp" 1410
"../../../Engine/Plugins/Runtime/Oculus/OculusVR/Content/Textures/touchController_albedo.ubulk" 1411
"../../../Engine/Plugins/Runtime/Oculus/OculusVR/Content/Materials/touchController_mat.uasset" 1412
"../../../Engine/Plugins/Runtime/Oculus/OculusVR/Content/Materials/touchController_mat.uexp" 1413
"../../../Engine/Plugins/Runtime/Oculus/OculusVR/Content/Meshes/LeftTouchController.uasset" 1414
"../../../Engine/Plugins/Runtime/Oculus/OculusVR/Content/Meshes/LeftTouchController.uexp" 1415
"../../../Engine/Plugins/Runtime/Oculus/OculusVR/Content/Textures/TouchForQuestRiftSController_albedo.uasset" 1416
"../../../Engine/Plugins/Runtime/Oculus/OculusVR/Content/Textures/TouchForQuestRiftSController_albedo.uexp" 1417
"../../../Engine/Plugins/Runtime/Oculus/OculusVR/Content/Textures/TouchForQuestRiftSController_albedo.ubulk" 1418
"../../../Engine/Plugins/Runtime/Oculus/OculusVR/Content/Materials/TouchForQuestRiftSControllerMaterial.uasset" 1419
"../../../Engine/Plugins/Runtime/Oculus/OculusVR/Content/Materials/TouchForQuestRiftSControllerMaterial.uexp" 1420
"../../../Engine/Plugins/Runtime/Oculus/OculusVR/Content/Meshes/LeftTouchForQuestRiftSController.uasset" 1421
"../../../Engine/Plugins/Runtime/Oculus/OculusVR/Content/Meshes/LeftTouchForQuestRiftSController.uexp" 1422
"../../../Engine/Plugins/Runtime/Oculus/OculusVR/Content/Meshes/RiftHMD.uasset" 1423
"../../../Engine/Plugins/Runtime/Oculus/OculusVR/Content/Meshes/RiftHMD.uexp" 1424
"../../../Engine/Plugins/Runtime/Oculus/OculusVR/Content/Meshes/RightTouchController.uasset" 1425
"../../../Engine/Plugins/Runtime/Oculus/OculusVR/Content/Meshes/RightTouchController.uexp" 1426
"../../../Engine/Plugins/Runtime/Oculus/OculusVR/Content/Meshes/RightTouchForQuestRiftSController.uasset" 1427
"../../../Engine/Plugins/Runtime/Oculus/OculusVR/Content/Meshes/RightTouchForQuestRiftSController.uexp" 1428
"../../../Engine/Content/Maps/Entry_BuiltData.uasset" 1429
"../../../Engine/Content/Maps/Entry_BuiltData.uexp" 1430
"../../../Engine/Content/Maps/Entry.uexp" 1431
"../../../Engine/Content/Maps/Entry.umap" 1432
"../../../Engine/Content/MapTemplates/SM_Template_Map_Floor.uasset" 1433
"../../../Engine/Content/MapTemplates/SM_Template_Map_Floor.uexp" 1434
"../../../Engine/Content/Maps/Templates/Template_Default_BuiltData.uasset" 1435
"../../../Engine/Content/Maps/Templates/Template_Default_BuiltData.uexp" 1436
"../../../Engine/Content/Maps/Templates/Template_Default_BuiltData.ubulk" 1437
"../../../Engine/Content/EngineSky/T_Sky_Stars.uasset" 1438
"../../../Engine/Content/EngineSky/T_Sky_Stars.uexp" 1439
"../../../Engine/Content/EngineSky/T_Sky_Stars.ubulk" 1440
"../../../Engine/Content/EngineSky/T_Sky_Clouds_M.uasset" 1441
"../../../Engine/Content/EngineSky/T_Sky_Clouds_M.uexp" 1442
"../../../Engine/Content/EngineSky/T_Sky_Clouds_M.ubulk" 1443
"../../../Engine/Content/EngineSky/T_Sky_Blue.uasset" 1444
"../../../Engine/Content/EngineSky/T_Sky_Blue.uexp" 1445
"../../../Engine/Content/EngineSky/T_Sky_Blue.ubulk" 1446
"../../../Engine/Content/EngineSky/M_Sky_Panning_Clouds2.uasset" 1447
"../../../Engine/Content/EngineSky/M_Sky_Panning_Clouds2.uexp" 1448
"../../../Engine/Content/EngineSky/SM_SkySphere.uasset" 1449
"../../../Engine/Content/EngineSky/SM_SkySphere.uexp" 1450
"../../../Engine/Content/EngineSky/C_Sky_Zenith_Color.uasset" 1451
"../../../Engine/Content/EngineSky/C_Sky_Zenith_Color.uexp" 1452
"../../../Engine/Content/EngineSky/C_Sky_Horizon_Color.uasset" 1453
"../../../Engine/Content/EngineSky/C_Sky_Horizon_Color.uexp" 1454
"../../../Engine/Content/EngineSky/C_Sky_Cloud_Color.uasset" 1455
"../../../Engine/Content/EngineSky/C_Sky_Cloud_Color.uexp" 1456
"../../../Engine/Content/EngineSky/BP_Sky_Sphere.uasset" 1457
"../../../Engine/Content/EngineSky/BP_Sky_Sphere.uexp" 1458
"../../../Engine/Content/Maps/Templates/Template_Default.uexp" 1459
"../../../Engine/Content/Maps/Templates/Template_Default.umap" 1460
